condition,backend,grader,scheme,point_delta,lower,upper,resamples,seed,finite_draws,invalid_cell_fraction,any_invalid_cell_draw_fraction,undefined_draw_fraction,mean_valid_unit_weight
chat_0shot,Qwen_Qwen2.5-72B-Instruct,squad_token_f1,independent_records,-0.06577787676734022,-0.08723493253859235,-0.04221223754297063,2000,20260911,2000,0.0040185185185185185,0.104,0.0,9.0
chat_0shot,Qwen_Qwen2.5-72B-Instruct,squad_token_f1,independent_hierarchical,-0.06577787676734022,-0.1454078503794686,-0.004614370325075324,2000,20260911,2000,0.004648148148148148,0.1185,0.0,9.0
chat_0shot,Qwen_Qwen2.5-72B-Instruct,squad_token_f1,linked_questions,-0.06577787676734022,-0.09227329850208517,-0.026817810435495082,2000,20260911,2000,0.004740740740740741,0.0875,0.0,8.9925
chat_0shot,Qwen_Qwen2.5-72B-Instruct,squad_token_f1,crossed_questions,-0.06577787676734022,-0.20200650980099102,0.02279478445534062,2000,20260911,2000,0.0042592592592592595,0.042,0.0,8.9935
chat_0shot,Qwen_Qwen2.5-72B-Instruct,llm_qwen2.5-72b,independent_records,0.0867462283463491,0.07761332053786292,0.09594074928898778,2000,20260911,2000,0.0,0.0,0.0,9.0
chat_0shot,Qwen_Qwen2.5-72B-Instruct,llm_qwen2.5-72b,independent_hierarchical,0.0867462283463491,0.05911109852015896,0.11860749923730486,2000,20260911,2000,0.0,0.0,0.0,9.0
chat_0shot,Qwen_Qwen2.5-72B-Instruct,llm_qwen2.5-72b,linked_questions,0.0867462283463491,0.0706296111430335,0.10071478342637634,2000,20260911,2000,0.0,0.0,0.0,9.0
chat_0shot,Qwen_Qwen2.5-72B-Instruct,llm_qwen2.5-72b,crossed_questions,0.0867462283463491,0.04521970218878764,0.13936261406236056,2000,20260911,2000,0.0,0.0,0.0,9.0
chat_0shot,Qwen_Qwen2.5-72B-Instruct,llm_llama-3.1-70b,independent_records,0.0872480940338064,0.07807828935463375,0.09647067827350322,2000,20260911,2000,0.0,0.0,0.0,9.0
chat_0shot,Qwen_Qwen2.5-72B-Instruct,llm_llama-3.1-70b,independent_hierarchical,0.0872480940338064,0.057248238077185466,0.12221347574785303,2000,20260911,2000,0.0,0.0,0.0,9.0
chat_0shot,Qwen_Qwen2.5-72B-Instruct,llm_llama-3.1-70b,linked_questions,0.0872480940338064,0.07129474017264073,0.10187651737307411,2000,20260911,2000,0.0,0.0,0.0,9.0
chat_0shot,Qwen_Qwen2.5-72B-Instruct,llm_llama-3.1-70b,crossed_questions,0.0872480940338064,0.0391042133179191,0.14982787772536807,2000,20260911,2000,0.0,0.0,0.0,9.0
chat_0shot,cross-encoder_nli-deberta-v3-large,squad_token_f1,independent_records,-0.05865813342720446,-0.07567137213276252,-0.040500995871665973,2000,20260911,2000,0.0040185185185185185,0.104,0.0,9.0
chat_0shot,cross-encoder_nli-deberta-v3-large,squad_token_f1,independent_hierarchical,-0.05865813342720446,-0.09069742056786576,-0.029954700245694604,2000,20260911,2000,0.004648148148148148,0.1185,0.0,9.0
chat_0shot,cross-encoder_nli-deberta-v3-large,squad_token_f1,linked_questions,-0.05865813342720446,-0.08018620102103134,-0.027588466077080456,2000,20260911,2000,0.004740740740740741,0.0875,0.0,8.9925
chat_0shot,cross-encoder_nli-deberta-v3-large,squad_token_f1,crossed_questions,-0.05865813342720446,-0.12314938944200554,-0.00947901676106873,2000,20260911,2000,0.0042592592592592595,0.042,0.0,8.9935
chat_0shot,cross-encoder_nli-deberta-v3-large,llm_qwen2.5-72b,independent_records,0.014735096492955815,0.006130967850449692,0.023543328061157345,2000,20260911,2000,0.0,0.0,0.0,9.0
chat_0shot,cross-encoder_nli-deberta-v3-large,llm_qwen2.5-72b,independent_hierarchical,0.014735096492955815,-0.02849795129857988,0.049930999122199345,2000,20260911,2000,0.0,0.0,0.0,9.0
chat_0shot,cross-encoder_nli-deberta-v3-large,llm_qwen2.5-72b,linked_questions,0.014735096492955815,0.002450020586616917,0.02674992808651121,2000,20260911,2000,0.0,0.0,0.0,9.0
chat_0shot,cross-encoder_nli-deberta-v3-large,llm_qwen2.5-72b,crossed_questions,0.014735096492955815,-0.05195764154015966,0.06343353628003658,2000,20260911,2000,0.0,0.0,0.0,9.0
chat_0shot,cross-encoder_nli-deberta-v3-large,llm_llama-3.1-70b,independent_records,0.013869757432855435,0.0048968518797025745,0.022683510238382717,2000,20260911,2000,0.0,0.0,0.0,9.0
chat_0shot,cross-encoder_nli-deberta-v3-large,llm_llama-3.1-70b,independent_hierarchical,0.013869757432855435,-0.037466763782965554,0.0540817864007011,2000,20260911,2000,0.0,0.0,0.0,9.0
chat_0shot,cross-encoder_nli-deberta-v3-large,llm_llama-3.1-70b,linked_questions,0.013869757432855435,0.0015124254423191416,0.02660740302773533,2000,20260911,2000,0.0,0.0,0.0,9.0
chat_0shot,cross-encoder_nli-deberta-v3-large,llm_llama-3.1-70b,crossed_questions,0.013869757432855435,-0.06857688653658736,0.07344167693925654,2000,20260911,2000,0.0,0.0,0.0,9.0
chat_0shot,microsoft_deberta-v2-xlarge-mnli,squad_token_f1,independent_records,-0.05056039415273163,-0.06993545961417873,-0.03281549544226174,2000,20260911,2000,0.0040185185185185185,0.104,0.0,9.0
chat_0shot,microsoft_deberta-v2-xlarge-mnli,squad_token_f1,independent_hierarchical,-0.05056039415273163,-0.08226122641825367,-0.0212431733760909,2000,20260911,2000,0.004648148148148148,0.1185,0.0,9.0
chat_0shot,microsoft_deberta-v2-xlarge-mnli,squad_token_f1,linked_questions,-0.05056039415273163,-0.07333130272704781,-0.021561749590582085,2000,20260911,2000,0.004740740740740741,0.0875,0.0,8.9925
chat_0shot,microsoft_deberta-v2-xlarge-mnli,squad_token_f1,crossed_questions,-0.05056039415273163,-0.11506460570232203,-0.0018926744174479235,2000,20260911,2000,0.0042592592592592595,0.042,0.0,8.9935
chat_0shot,microsoft_deberta-v2-xlarge-mnli,llm_qwen2.5-72b,independent_records,0.020356011777570338,0.011766470100912599,0.02918179106754611,2000,20260911,2000,0.0,0.0,0.0,9.0
chat_0shot,microsoft_deberta-v2-xlarge-mnli,llm_qwen2.5-72b,independent_hierarchical,0.020356011777570338,-0.029781802646398882,0.058581205411315014,2000,20260911,2000,0.0,0.0,0.0,9.0
chat_0shot,microsoft_deberta-v2-xlarge-mnli,llm_qwen2.5-72b,linked_questions,0.020356011777570338,0.00736032696841451,0.033679465222334976,2000,20260911,2000,0.0,0.0,0.0,9.0
chat_0shot,microsoft_deberta-v2-xlarge-mnli,llm_qwen2.5-72b,crossed_questions,0.020356011777570338,-0.057652057147984534,0.07982820049658028,2000,20260911,2000,0.0,0.0,0.0,9.0
chat_0shot,microsoft_deberta-v2-xlarge-mnli,llm_llama-3.1-70b,independent_records,0.022320579669138203,0.013776229373430296,0.03020359801770677,2000,20260911,2000,0.0,0.0,0.0,9.0
chat_0shot,microsoft_deberta-v2-xlarge-mnli,llm_llama-3.1-70b,independent_hierarchical,0.022320579669138203,-0.031728529269130876,0.06803022690066923,2000,20260911,2000,0.0,0.0,0.0,9.0
chat_0shot,microsoft_deberta-v2-xlarge-mnli,llm_llama-3.1-70b,linked_questions,0.022320579669138203,0.010051778520539591,0.035175387872231526,2000,20260911,2000,0.0,0.0,0.0,9.0
chat_0shot,microsoft_deberta-v2-xlarge-mnli,llm_llama-3.1-70b,crossed_questions,0.022320579669138203,-0.06465906685027463,0.09064380486807481,2000,20260911,2000,0.0,0.0,0.0,9.0
chat_5shot,microsoft_deberta-v2-xlarge-mnli,squad_token_f1,independent_records,-0.017437967224553392,-0.022675078587688496,-0.012391441200078726,2000,20260911,2000,0.0,0.0,0.0,9.0
chat_5shot,microsoft_deberta-v2-xlarge-mnli,squad_token_f1,independent_hierarchical,-0.017437967224553392,-0.026778271942721393,-0.006949402897567638,2000,20260911,2000,0.0,0.0,0.0,9.0
chat_5shot,microsoft_deberta-v2-xlarge-mnli,squad_token_f1,linked_questions,-0.017437967224553392,-0.026931881724493092,-0.00826310440239282,2000,20260911,2000,0.0,0.0,0.0,9.0
chat_5shot,microsoft_deberta-v2-xlarge-mnli,squad_token_f1,crossed_questions,-0.017437967224553392,-0.037846505101471854,0.004302333646884247,2000,20260911,2000,0.0,0.0,0.0,9.0
chat_5shot,microsoft_deberta-v2-xlarge-mnli,llm_qwen2.5-72b,independent_records,-0.002007443038099316,-0.006606458197258683,0.002735560054622723,2000,20260911,2000,0.0,0.0,0.0,9.0
chat_5shot,microsoft_deberta-v2-xlarge-mnli,llm_qwen2.5-72b,independent_hierarchical,-0.002007443038099316,-0.013181128413484348,0.008381310644027975,2000,20260911,2000,0.0,0.0,0.0,9.0
chat_5shot,microsoft_deberta-v2-xlarge-mnli,llm_qwen2.5-72b,linked_questions,-0.002007443038099316,-0.010677034315587098,0.006168068144178386,2000,20260911,2000,0.0,0.0,0.0,9.0
chat_5shot,microsoft_deberta-v2-xlarge-mnli,llm_qwen2.5-72b,crossed_questions,-0.002007443038099316,-0.02379397491484067,0.018338668715410178,2000,20260911,2000,0.0,0.0,0.0,9.0
chat_5shot,microsoft_deberta-v2-xlarge-mnli,llm_llama-3.1-70b,independent_records,-0.0004747567131221701,-0.005016621765969771,0.004100862647979763,2000,20260911,2000,0.0,0.0,0.0,9.0
chat_5shot,microsoft_deberta-v2-xlarge-mnli,llm_llama-3.1-70b,independent_hierarchical,-0.0004747567131221701,-0.011423999887454064,0.009813298671363655,2000,20260911,2000,0.0,0.0,0.0,9.0
chat_5shot,microsoft_deberta-v2-xlarge-mnli,llm_llama-3.1-70b,linked_questions,-0.0004747567131221701,-0.008955958018913218,0.007530018073354061,2000,20260911,2000,0.0,0.0,0.0,9.0
chat_5shot,microsoft_deberta-v2-xlarge-mnli,llm_llama-3.1-70b,crossed_questions,-0.0004747567131221701,-0.021743017875231824,0.01975008005724752,2000,20260911,2000,0.0,0.0,0.0,9.0
default_0shot,microsoft_deberta-v2-xlarge-mnli,squad_token_f1,independent_records,-0.02629576568395336,-0.03285480457465503,-0.01955782640204668,2000,20260911,2000,0.0,0.0,0.0,9.0
default_0shot,microsoft_deberta-v2-xlarge-mnli,squad_token_f1,independent_hierarchical,-0.02629576568395336,-0.04338988394711431,-0.012145932306380126,2000,20260911,2000,0.0,0.0,0.0,9.0
default_0shot,microsoft_deberta-v2-xlarge-mnli,squad_token_f1,linked_questions,-0.02629576568395336,-0.03594515619090034,-0.01698663972162896,2000,20260911,2000,0.0,0.0,0.0,9.0
default_0shot,microsoft_deberta-v2-xlarge-mnli,squad_token_f1,crossed_questions,-0.02629576568395336,-0.05934535048035738,-0.001166495162485893,2000,20260911,2000,0.0,0.0,0.0,9.0
default_0shot,microsoft_deberta-v2-xlarge-mnli,llm_qwen2.5-72b,independent_records,0.0032073743857140855,-0.003060472887756461,0.009483435885333309,2000,20260911,2000,0.0,0.0,0.0,9.0
default_0shot,microsoft_deberta-v2-xlarge-mnli,llm_qwen2.5-72b,independent_hierarchical,0.0032073743857140855,-0.023374962801170913,0.02732377103556876,2000,20260911,2000,0.0,0.0,0.0,9.0
default_0shot,microsoft_deberta-v2-xlarge-mnli,llm_qwen2.5-72b,linked_questions,0.0032073743857140855,-0.006907483260597447,0.012719636718254742,2000,20260911,2000,0.0,0.0,0.0,9.0
default_0shot,microsoft_deberta-v2-xlarge-mnli,llm_qwen2.5-72b,crossed_questions,0.0032073743857140855,-0.045655247300089255,0.04399475376380877,2000,20260911,2000,0.0,0.0,0.0,9.0
default_0shot,microsoft_deberta-v2-xlarge-mnli,llm_llama-3.1-70b,independent_records,0.00835406066792972,0.0018187140423680367,0.014820519622785255,2000,20260911,2000,0.0,0.0,0.0,9.0
default_0shot,microsoft_deberta-v2-xlarge-mnli,llm_llama-3.1-70b,independent_hierarchical,0.00835406066792972,-0.02082358482619434,0.03350840820194788,2000,20260911,2000,0.0,0.0,0.0,9.0
default_0shot,microsoft_deberta-v2-xlarge-mnli,llm_llama-3.1-70b,linked_questions,0.00835406066792972,-0.0012273095967555382,0.01756201198620848,2000,20260911,2000,0.0,0.0,0.0,9.0
default_0shot,microsoft_deberta-v2-xlarge-mnli,llm_llama-3.1-70b,crossed_questions,0.00835406066792972,-0.04312467756407626,0.04927285682727798,2000,20260911,2000,0.0,0.0,0.0,9.0
default_5shot,Qwen_Qwen2.5-72B-Instruct,squad_token_f1,independent_records,-0.006374565444488157,-0.011063783077724989,-0.001717861746215919,2000,20260911,2000,0.0,0.0,0.0,9.0
default_5shot,Qwen_Qwen2.5-72B-Instruct,squad_token_f1,independent_hierarchical,-0.006374565444488157,-0.017128080811355664,0.003279638430689551,2000,20260911,2000,0.0,0.0,0.0,9.0
default_5shot,Qwen_Qwen2.5-72B-Instruct,squad_token_f1,linked_questions,-0.006374565444488157,-0.015593723946572711,0.0023471216061398473,2000,20260911,2000,0.0,0.0,0.0,9.0
default_5shot,Qwen_Qwen2.5-72B-Instruct,squad_token_f1,crossed_questions,-0.006374565444488157,-0.031167832165060663,0.0129107371952772,2000,20260911,2000,0.0,0.0,0.0,9.0
default_5shot,Qwen_Qwen2.5-72B-Instruct,llm_qwen2.5-72b,independent_records,0.011911486217103686,0.00769720819986512,0.01607438012983031,2000,20260911,2000,0.0,0.0,0.0,9.0
default_5shot,Qwen_Qwen2.5-72B-Instruct,llm_qwen2.5-72b,independent_hierarchical,0.011911486217103686,0.003367109836349843,0.020926224839726285,2000,20260911,2000,0.0,0.0,0.0,9.0
default_5shot,Qwen_Qwen2.5-72B-Instruct,llm_qwen2.5-72b,linked_questions,0.011911486217103686,0.002990462140338602,0.020177898866574215,2000,20260911,2000,0.0,0.0,0.0,9.0
default_5shot,Qwen_Qwen2.5-72B-Instruct,llm_qwen2.5-72b,crossed_questions,0.011911486217103686,-0.004322631499913802,0.031109851138447463,2000,20260911,2000,0.0,0.0,0.0,9.0
default_5shot,Qwen_Qwen2.5-72B-Instruct,llm_llama-3.1-70b,independent_records,0.013873183520115823,0.009396361804225917,0.018028212703419016,2000,20260911,2000,0.0,0.0,0.0,9.0
default_5shot,Qwen_Qwen2.5-72B-Instruct,llm_llama-3.1-70b,independent_hierarchical,0.013873183520115823,0.003438788857689835,0.024421995861604897,2000,20260911,2000,0.0,0.0,0.0,9.0
default_5shot,Qwen_Qwen2.5-72B-Instruct,llm_llama-3.1-70b,linked_questions,0.013873183520115823,0.004788722651270522,0.02215382158773899,2000,20260911,2000,0.0,0.0,0.0,9.0
default_5shot,Qwen_Qwen2.5-72B-Instruct,llm_llama-3.1-70b,crossed_questions,0.013873183520115823,-0.005703360991368362,0.03585555433193393,2000,20260911,2000,0.0,0.0,0.0,9.0
default_5shot,cross-encoder_nli-deberta-v3-large,squad_token_f1,independent_records,-0.013036626256608976,-0.01791274548858507,-0.00812718827366341,2000,20260911,2000,0.0,0.0,0.0,9.0
default_5shot,cross-encoder_nli-deberta-v3-large,squad_token_f1,independent_hierarchical,-0.013036626256608976,-0.022458271546924376,-0.0038583285501449602,2000,20260911,2000,0.0,0.0,0.0,9.0
default_5shot,cross-encoder_nli-deberta-v3-large,squad_token_f1,linked_questions,-0.013036626256608976,-0.02154453181049633,-0.005069933702706156,2000,20260911,2000,0.0,0.0,0.0,9.0
default_5shot,cross-encoder_nli-deberta-v3-large,squad_token_f1,crossed_questions,-0.013036626256608976,-0.03514225426376702,0.004436309596487405,2000,20260911,2000,0.0,0.0,0.0,9.0
default_5shot,cross-encoder_nli-deberta-v3-large,llm_qwen2.5-72b,independent_records,0.0013689465560304938,-0.0029024892080693684,0.005528574933337971,2000,20260911,2000,0.0,0.0,0.0,9.0
default_5shot,cross-encoder_nli-deberta-v3-large,llm_qwen2.5-72b,independent_hierarchical,0.0013689465560304938,-0.0067921275510705904,0.009685258577708269,2000,20260911,2000,0.0,0.0,0.0,9.0
default_5shot,cross-encoder_nli-deberta-v3-large,llm_qwen2.5-72b,linked_questions,0.0013689465560304938,-0.006426932349519692,0.008654822063486722,2000,20260911,2000,0.0,0.0,0.0,9.0
default_5shot,cross-encoder_nli-deberta-v3-large,llm_qwen2.5-72b,crossed_questions,0.0013689465560304938,-0.014199317614176128,0.01771429603345965,2000,20260911,2000,0.0,0.0,0.0,9.0
default_5shot,cross-encoder_nli-deberta-v3-large,llm_llama-3.1-70b,independent_records,0.004742248348712463,0.00026310753514461997,0.009029236112318154,2000,20260911,2000,0.0,0.0,0.0,9.0
default_5shot,cross-encoder_nli-deberta-v3-large,llm_llama-3.1-70b,independent_hierarchical,0.004742248348712463,-0.005273385769744328,0.01464902388583982,2000,20260911,2000,0.0,0.0,0.0,9.0
default_5shot,cross-encoder_nli-deberta-v3-large,llm_llama-3.1-70b,linked_questions,0.004742248348712463,-0.002520809964699079,0.011938698964967683,2000,20260911,2000,0.0,0.0,0.0,9.0
default_5shot,cross-encoder_nli-deberta-v3-large,llm_llama-3.1-70b,crossed_questions,0.004742248348712463,-0.012773110957342671,0.024886819883222232,2000,20260911,2000,0.0,0.0,0.0,9.0
default_5shot,microsoft_deberta-v2-xlarge-mnli,squad_token_f1,independent_records,-0.013273050443085339,-0.01834441932557271,-0.00865556353796513,2000,20260911,2000,0.0,0.0,0.0,9.0
default_5shot,microsoft_deberta-v2-xlarge-mnli,squad_token_f1,independent_hierarchical,-0.013273050443085339,-0.022057791506306962,-0.0054022019162364545,2000,20260911,2000,0.0,0.0,0.0,9.0
default_5shot,microsoft_deberta-v2-xlarge-mnli,squad_token_f1,linked_questions,-0.013273050443085339,-0.02248481571836134,-0.004801418430498799,2000,20260911,2000,0.0,0.0,0.0,9.0
default_5shot,microsoft_deberta-v2-xlarge-mnli,squad_token_f1,crossed_questions,-0.013273050443085339,-0.03231666886582353,0.004043741803545167,2000,20260911,2000,0.0,0.0,0.0,9.0
default_5shot,microsoft_deberta-v2-xlarge-mnli,llm_qwen2.5-72b,independent_records,0.0005132747091662151,-0.0034803648343674823,0.004551211763925098,2000,20260911,2000,0.0,0.0,0.0,9.0
default_5shot,microsoft_deberta-v2-xlarge-mnli,llm_qwen2.5-72b,independent_hierarchical,0.0005132747091662151,-0.007576231063906944,0.008987968499752724,2000,20260911,2000,0.0,0.0,0.0,9.0
default_5shot,microsoft_deberta-v2-xlarge-mnli,llm_qwen2.5-72b,linked_questions,0.0005132747091662151,-0.007421998526632285,0.008011291253612347,2000,20260911,2000,0.0,0.0,0.0,9.0
default_5shot,microsoft_deberta-v2-xlarge-mnli,llm_qwen2.5-72b,crossed_questions,0.0005132747091662151,-0.015505331248020324,0.016889504876716636,2000,20260911,2000,0.0,0.0,0.0,9.0
default_5shot,microsoft_deberta-v2-xlarge-mnli,llm_llama-3.1-70b,independent_records,0.0026559312072149837,-0.0013924325977680977,0.00653984955640713,2000,20260911,2000,0.0,0.0,0.0,9.0
default_5shot,microsoft_deberta-v2-xlarge-mnli,llm_llama-3.1-70b,independent_hierarchical,0.0026559312072149837,-0.006681701291916377,0.011447422669955958,2000,20260911,2000,0.0,0.0,0.0,9.0
default_5shot,microsoft_deberta-v2-xlarge-mnli,llm_llama-3.1-70b,linked_questions,0.0026559312072149837,-0.004996826416088539,0.00991038911252443,2000,20260911,2000,0.0,0.0,0.0,9.0
default_5shot,microsoft_deberta-v2-xlarge-mnli,llm_llama-3.1-70b,crossed_questions,0.0026559312072149837,-0.01450746923437446,0.019121363317342557,2000,20260911,2000,0.0,0.0,0.0,9.0
