condition,dataset,model,grader,records,incorrect,eligible
chat_0shot,nqopen,meta-llama_Llama-3.1-70B-Instruct,squad_token_f1,30,24,True
chat_0shot,nqopen,meta-llama_Llama-3.1-70B-Instruct,llm_qwen2.5-72b,30,14,True
chat_0shot,nqopen,meta-llama_Llama-3.1-70B-Instruct,llm_llama-3.1-70b,30,12,True
chat_0shot,nqopen,meta-llama_Llama-3.1-8B-Instruct,squad_token_f1,30,28,True
chat_0shot,nqopen,meta-llama_Llama-3.1-8B-Instruct,llm_qwen2.5-72b,30,17,True
chat_0shot,nqopen,meta-llama_Llama-3.1-8B-Instruct,llm_llama-3.1-70b,30,14,True
chat_0shot,nqopen,mistralai_Mistral-7B-Instruct-v0.3,squad_token_f1,30,23,True
chat_0shot,nqopen,mistralai_Mistral-7B-Instruct-v0.3,llm_qwen2.5-72b,30,19,True
chat_0shot,nqopen,mistralai_Mistral-7B-Instruct-v0.3,llm_llama-3.1-70b,30,16,True
chat_0shot,svamp,meta-llama_Llama-3.1-70B-Instruct,squad_token_f1,30,3,True
chat_0shot,svamp,meta-llama_Llama-3.1-70B-Instruct,llm_qwen2.5-72b,30,5,True
chat_0shot,svamp,meta-llama_Llama-3.1-70B-Instruct,llm_llama-3.1-70b,30,3,True
chat_0shot,svamp,meta-llama_Llama-3.1-8B-Instruct,squad_token_f1,30,9,True
chat_0shot,svamp,meta-llama_Llama-3.1-8B-Instruct,llm_qwen2.5-72b,30,12,True
chat_0shot,svamp,meta-llama_Llama-3.1-8B-Instruct,llm_llama-3.1-70b,30,9,True
chat_0shot,svamp,mistralai_Mistral-7B-Instruct-v0.3,squad_token_f1,30,13,True
chat_0shot,svamp,mistralai_Mistral-7B-Instruct-v0.3,llm_qwen2.5-72b,30,14,True
chat_0shot,svamp,mistralai_Mistral-7B-Instruct-v0.3,llm_llama-3.1-70b,30,13,True
chat_0shot,triviaqa,meta-llama_Llama-3.1-70B-Instruct,squad_token_f1,30,19,True
chat_0shot,triviaqa,meta-llama_Llama-3.1-70B-Instruct,llm_qwen2.5-72b,30,3,True
chat_0shot,triviaqa,meta-llama_Llama-3.1-70B-Instruct,llm_llama-3.1-70b,30,2,True
chat_0shot,triviaqa,meta-llama_Llama-3.1-8B-Instruct,squad_token_f1,30,30,False
chat_0shot,triviaqa,meta-llama_Llama-3.1-8B-Instruct,llm_qwen2.5-72b,30,7,True
chat_0shot,triviaqa,meta-llama_Llama-3.1-8B-Instruct,llm_llama-3.1-70b,30,5,True
chat_0shot,triviaqa,mistralai_Mistral-7B-Instruct-v0.3,squad_token_f1,30,15,True
chat_0shot,triviaqa,mistralai_Mistral-7B-Instruct-v0.3,llm_qwen2.5-72b,30,7,True
chat_0shot,triviaqa,mistralai_Mistral-7B-Instruct-v0.3,llm_llama-3.1-70b,30,7,True
default_5shot,nqopen,meta-llama_Llama-3.1-70B-Instruct,squad_token_f1,30,12,True
default_5shot,nqopen,meta-llama_Llama-3.1-70B-Instruct,llm_qwen2.5-72b,30,13,True
default_5shot,nqopen,meta-llama_Llama-3.1-70B-Instruct,llm_llama-3.1-70b,30,12,True
default_5shot,nqopen,meta-llama_Llama-3.1-8B-Instruct,squad_token_f1,30,16,True
default_5shot,nqopen,meta-llama_Llama-3.1-8B-Instruct,llm_qwen2.5-72b,30,17,True
default_5shot,nqopen,meta-llama_Llama-3.1-8B-Instruct,llm_llama-3.1-70b,30,16,True
default_5shot,nqopen,mistralai_Mistral-7B-Instruct-v0.3,squad_token_f1,30,15,True
default_5shot,nqopen,mistralai_Mistral-7B-Instruct-v0.3,llm_qwen2.5-72b,30,17,True
default_5shot,nqopen,mistralai_Mistral-7B-Instruct-v0.3,llm_llama-3.1-70b,30,14,True
default_5shot,svamp,meta-llama_Llama-3.1-70B-Instruct,squad_token_f1,30,3,True
default_5shot,svamp,meta-llama_Llama-3.1-70B-Instruct,llm_qwen2.5-72b,30,6,True
default_5shot,svamp,meta-llama_Llama-3.1-70B-Instruct,llm_llama-3.1-70b,30,3,True
default_5shot,svamp,meta-llama_Llama-3.1-8B-Instruct,squad_token_f1,30,9,True
default_5shot,svamp,meta-llama_Llama-3.1-8B-Instruct,llm_qwen2.5-72b,30,11,True
default_5shot,svamp,meta-llama_Llama-3.1-8B-Instruct,llm_llama-3.1-70b,30,9,True
default_5shot,svamp,mistralai_Mistral-7B-Instruct-v0.3,squad_token_f1,30,14,True
default_5shot,svamp,mistralai_Mistral-7B-Instruct-v0.3,llm_qwen2.5-72b,30,14,True
default_5shot,svamp,mistralai_Mistral-7B-Instruct-v0.3,llm_llama-3.1-70b,30,14,True
default_5shot,triviaqa,meta-llama_Llama-3.1-70B-Instruct,squad_token_f1,30,5,True
default_5shot,triviaqa,meta-llama_Llama-3.1-70B-Instruct,llm_qwen2.5-72b,30,4,True
default_5shot,triviaqa,meta-llama_Llama-3.1-70B-Instruct,llm_llama-3.1-70b,30,2,True
default_5shot,triviaqa,meta-llama_Llama-3.1-8B-Instruct,squad_token_f1,30,8,True
default_5shot,triviaqa,meta-llama_Llama-3.1-8B-Instruct,llm_qwen2.5-72b,30,6,True
default_5shot,triviaqa,meta-llama_Llama-3.1-8B-Instruct,llm_llama-3.1-70b,30,4,True
default_5shot,triviaqa,mistralai_Mistral-7B-Instruct-v0.3,squad_token_f1,30,11,True
default_5shot,triviaqa,mistralai_Mistral-7B-Instruct-v0.3,llm_qwen2.5-72b,30,8,True
default_5shot,triviaqa,mistralai_Mistral-7B-Instruct-v0.3,llm_llama-3.1-70b,30,7,True
