condition,experiment,samples,method,grader,mean_auroc,minimum,maximum,repeats,valid_cells
chat_0shot,order,10,normalized,llm_llama-3.1-70b,0.8195865041012895,0.8062675615355354,0.8419350397452842,50,9
chat_0shot,order,10,normalized,llm_qwen2.5-72b,0.8079441092829606,0.7937515464201231,0.8250263743287791,50,9
chat_0shot,order,10,normalized,squad_token_f1,0.8389168479678751,0.8257423511196942,0.8540898375757332,50,8
chat_0shot,order,10,raw,llm_llama-3.1-70b,0.8038504309130785,0.7672122828940817,0.8212984828391904,50,9
chat_0shot,order,10,raw,llm_qwen2.5-72b,0.7970392977007552,0.7761496071770746,0.8177494704346532,50,9
chat_0shot,order,10,raw,squad_token_f1,0.7866961133716462,0.7479968115756216,0.8079796089568323,50,8
chat_0shot,samples,2,normalized,llm_llama-3.1-70b,0.6819135426378322,0.6224262971012757,0.7565847219807862,50,9
chat_0shot,samples,2,normalized,llm_qwen2.5-72b,0.6720468589808987,0.6229201240376477,0.751142264616132,50,9
chat_0shot,samples,2,normalized,squad_token_f1,0.6973300486141464,0.6165141273729661,0.7573388103212104,50,8
chat_0shot,samples,2,raw,llm_llama-3.1-70b,0.6537839479571506,0.589914827300093,0.7148473955212375,50,9
chat_0shot,samples,2,raw,llm_qwen2.5-72b,0.6487821167021575,0.5697905865294552,0.7060462549875848,50,9
chat_0shot,samples,2,raw,squad_token_f1,0.657214830141734,0.5577715112933934,0.7376464897064069,50,8
chat_0shot,samples,2,surface,llm_llama-3.1-70b,0.6537581830126658,0.5890417470923297,0.6988655572059949,50,9
chat_0shot,samples,2,surface,llm_qwen2.5-72b,0.6524803914879972,0.5840012519709952,0.6942544888251092,50,9
chat_0shot,samples,2,surface,squad_token_f1,0.6810964936594815,0.6030340607687408,0.7563604370280488,50,8
chat_0shot,samples,4,normalized,llm_llama-3.1-70b,0.7672422441731416,0.7173732764311527,0.820215770174731,50,9
chat_0shot,samples,4,normalized,llm_qwen2.5-72b,0.7525520135676635,0.7098348727069207,0.8090514900407028,50,9
chat_0shot,samples,4,normalized,squad_token_f1,0.7920468530909835,0.7465299260617649,0.8372525580321184,50,8
chat_0shot,samples,4,raw,llm_llama-3.1-70b,0.7277238750948443,0.6714561723122986,0.7759668209515111,50,9
chat_0shot,samples,4,raw,llm_qwen2.5-72b,0.7237580421253332,0.6477267821107398,0.7745600324190802,50,9
chat_0shot,samples,4,raw,squad_token_f1,0.7288295113060758,0.6617470252278731,0.7824793954451238,50,8
chat_0shot,samples,4,surface,llm_llama-3.1-70b,0.7349795171228544,0.6936038130207284,0.7708424946495658,50,9
chat_0shot,samples,4,surface,llm_qwen2.5-72b,0.7302647912013872,0.6880958563871977,0.7699959949502178,50,9
chat_0shot,samples,4,surface,squad_token_f1,0.7762043124806093,0.724257938000163,0.8212674468195834,50,8
chat_0shot,samples,6,normalized,llm_llama-3.1-70b,0.7956752922560356,0.7564742283531357,0.8319012056437698,50,9
chat_0shot,samples,6,normalized,llm_qwen2.5-72b,0.7845422691709016,0.751544495170754,0.8377909935235905,50,9
chat_0shot,samples,6,normalized,squad_token_f1,0.8213608783981627,0.7960034089703502,0.8471071144339193,50,8
chat_0shot,samples,6,raw,llm_llama-3.1-70b,0.76968584317814,0.7196010883116476,0.8162479944184619,50,9
chat_0shot,samples,6,raw,llm_qwen2.5-72b,0.7634504204806997,0.7152357993440924,0.8043978970188108,50,9
chat_0shot,samples,6,raw,squad_token_f1,0.7607099652737327,0.6996450507350078,0.8236638989288656,50,8
chat_0shot,samples,6,surface,llm_llama-3.1-70b,0.7588862180566655,0.7227658555852527,0.7850120496331541,50,9
chat_0shot,samples,6,surface,llm_qwen2.5-72b,0.7611014294022794,0.7363170113551832,0.8005750389206926,50,9
chat_0shot,samples,6,surface,squad_token_f1,0.7983927277707832,0.7624546464159664,0.8315186876556453,50,8
chat_0shot,samples,8,normalized,llm_llama-3.1-70b,0.8142141194498775,0.784183696334556,0.8459371587053695,50,9
chat_0shot,samples,8,normalized,llm_qwen2.5-72b,0.8021427886731181,0.7750872639172738,0.823937519265042,50,9
chat_0shot,samples,8,normalized,squad_token_f1,0.8372182566273981,0.8125903282770094,0.8583289345242642,50,8
chat_0shot,samples,8,raw,llm_llama-3.1-70b,0.7962109892078968,0.7586847336805539,0.8162168731132571,50,9
chat_0shot,samples,8,raw,llm_qwen2.5-72b,0.7913350296464178,0.7568749825941438,0.8163044285059393,50,9
chat_0shot,samples,8,raw,squad_token_f1,0.7811966634183496,0.7500999143487618,0.8115466101703664,50,8
chat_0shot,samples,8,surface,llm_llama-3.1-70b,0.7774286678372024,0.7575525801626375,0.7942933641209075,50,9
chat_0shot,samples,8,surface,llm_qwen2.5-72b,0.7760187732916515,0.7555394568831145,0.7969391062669331,50,9
chat_0shot,samples,8,surface,squad_token_f1,0.8080032441810951,0.7892404762515701,0.8232373356519018,50,8
chat_0shot,samples,10,normalized,llm_llama-3.1-70b,0.8210184497598535,0.8210184497598535,0.8210184497598535,1,9
chat_0shot,samples,10,normalized,llm_qwen2.5-72b,0.8102566779918667,0.8102566779918667,0.8102566779918667,1,9
chat_0shot,samples,10,normalized,squad_token_f1,0.8428462654193322,0.8428462654193322,0.8428462654193322,1,8
chat_0shot,samples,10,raw,llm_llama-3.1-70b,0.8089024097541077,0.8089024097541077,0.8089024097541077,1,9
chat_0shot,samples,10,raw,llm_qwen2.5-72b,0.8059962966189304,0.8059962966189304,0.8059962966189304,1,9
chat_0shot,samples,10,raw,squad_token_f1,0.7915247971540457,0.7915247971540457,0.7915247971540457,1,8
chat_0shot,samples,10,surface,llm_llama-3.1-70b,0.7879779094428143,0.7879779094428143,0.7879779094428143,1,9
chat_0shot,samples,10,surface,llm_qwen2.5-72b,0.7844926291500073,0.7844926291500073,0.7844926291500073,1,9
chat_0shot,samples,10,surface,squad_token_f1,0.8114085124958896,0.8114085124958896,0.8114085124958896,1,8
default_5shot,order,10,normalized,llm_llama-3.1-70b,0.8032344473085214,0.7898021288218551,0.8266003357589509,50,9
default_5shot,order,10,normalized,llm_qwen2.5-72b,0.7620638018528885,0.7536561043397989,0.7751824855475526,50,9
default_5shot,order,10,normalized,squad_token_f1,0.7689219552294503,0.7621255254203597,0.7802296514762401,50,9
default_5shot,order,10,raw,llm_llama-3.1-70b,0.8126771344746385,0.7964556904522686,0.8370659932153491,50,9
default_5shot,order,10,raw,llm_qwen2.5-72b,0.7634317054634393,0.7527760158371612,0.7803375746487202,50,9
default_5shot,order,10,raw,squad_token_f1,0.7683929297617407,0.7598963359577395,0.7834814641354603,50,9
default_5shot,samples,2,normalized,llm_llama-3.1-70b,0.6743915528245239,0.5978450114923546,0.7316801276644271,50,9
default_5shot,samples,2,normalized,llm_qwen2.5-72b,0.6460336086342278,0.5851075237685145,0.7070313730530449,50,9
default_5shot,samples,2,normalized,squad_token_f1,0.6545466804637857,0.6017156176074305,0.6939635599942617,50,9
default_5shot,samples,2,raw,llm_llama-3.1-70b,0.6849008120837832,0.6057815194288625,0.7477736020912349,50,9
default_5shot,samples,2,raw,llm_qwen2.5-72b,0.6510612607207034,0.5946600627328181,0.7133159381611394,50,9
default_5shot,samples,2,raw,squad_token_f1,0.6580743620414673,0.6098836070254199,0.7066796093769778,50,9
default_5shot,samples,2,surface,llm_llama-3.1-70b,0.703083868627347,0.6312908106386367,0.7687569185153725,50,9
default_5shot,samples,2,surface,llm_qwen2.5-72b,0.6685129076576445,0.617948525359516,0.7233483893700612,50,9
default_5shot,samples,2,surface,squad_token_f1,0.6935389928946947,0.6484181694415612,0.727551756776903,50,9
default_5shot,samples,4,normalized,llm_llama-3.1-70b,0.7566219134163981,0.6907194956963475,0.8006229490227075,50,9
default_5shot,samples,4,normalized,llm_qwen2.5-72b,0.7142549682191066,0.6729575303007965,0.7565366278601573,50,9
default_5shot,samples,4,normalized,squad_token_f1,0.7247085994705245,0.6711381269531854,0.758624887133659,50,9
default_5shot,samples,4,raw,llm_llama-3.1-70b,0.7680385965908308,0.7055820765311506,0.8164735278513459,50,9
default_5shot,samples,4,raw,llm_qwen2.5-72b,0.7194048294780364,0.6847758794353221,0.7590504539033951,50,9
default_5shot,samples,4,raw,squad_token_f1,0.7282653466649226,0.6810910957950431,0.7637970221335232,50,9
default_5shot,samples,4,surface,llm_llama-3.1-70b,0.7843664866214182,0.746868194130674,0.8260241614710213,50,9
default_5shot,samples,4,surface,llm_qwen2.5-72b,0.735321884237003,0.7071046154185989,0.7648436802848567,50,9
default_5shot,samples,4,surface,squad_token_f1,0.7722521497322619,0.7381215556427545,0.8106132774885212,50,9
default_5shot,samples,6,normalized,llm_llama-3.1-70b,0.7845303419704587,0.7489440559589513,0.8329088625485566,50,9
default_5shot,samples,6,normalized,llm_qwen2.5-72b,0.7410501085052813,0.7100502821768302,0.786085852810569,50,9
default_5shot,samples,6,normalized,squad_token_f1,0.7502297466683919,0.7246555601733476,0.7774534732829079,50,9
default_5shot,samples,6,raw,llm_llama-3.1-70b,0.794706482497344,0.7603956530586965,0.8444339458328991,50,9
default_5shot,samples,6,raw,llm_qwen2.5-72b,0.745582125598573,0.7180087362137155,0.7860227577719837,50,9
default_5shot,samples,6,raw,squad_token_f1,0.7535721694926617,0.7269320396951975,0.7770623063222966,50,9
default_5shot,samples,6,surface,llm_llama-3.1-70b,0.8150088568466185,0.7788481302722446,0.8423239317713955,50,9
default_5shot,samples,6,surface,llm_qwen2.5-72b,0.7606791382446052,0.741309059065767,0.7840172825015447,50,9
default_5shot,samples,6,surface,squad_token_f1,0.8009238843484506,0.772511329061524,0.8245420104226147,50,9
default_5shot,samples,8,normalized,llm_llama-3.1-70b,0.7883691187294246,0.7692731036632003,0.8087114574383093,50,9
default_5shot,samples,8,normalized,llm_qwen2.5-72b,0.7501234991144047,0.7333972679367416,0.7676417758654601,50,9
default_5shot,samples,8,normalized,squad_token_f1,0.757903161359253,0.740393687290617,0.7748383580537577,50,9
default_5shot,samples,8,raw,llm_llama-3.1-70b,0.7969951107929168,0.7752687816596835,0.815744697689142,50,9
default_5shot,samples,8,raw,llm_qwen2.5-72b,0.7533214299961591,0.739410253035769,0.7718294908374888,50,9
default_5shot,samples,8,raw,squad_token_f1,0.7594747207360902,0.742044265053768,0.7776344093961053,50,9
default_5shot,samples,8,surface,llm_llama-3.1-70b,0.8233029209488549,0.8063504475038292,0.8362648647723124,50,9
default_5shot,samples,8,surface,llm_qwen2.5-72b,0.7698662763081623,0.7535620601926072,0.7836872545334878,50,9
default_5shot,samples,8,surface,squad_token_f1,0.809437650050116,0.7984511963832139,0.8210068509751746,50,9
default_5shot,samples,10,normalized,llm_llama-3.1-70b,0.7895187830523982,0.7895187830523982,0.7895187830523982,1,9
default_5shot,samples,10,normalized,llm_qwen2.5-72b,0.7525685254335924,0.7525685254335924,0.7525685254335924,1,9
default_5shot,samples,10,normalized,squad_token_f1,0.7603693286714729,0.7603693286714729,0.7603693286714729,1,9
default_5shot,samples,10,raw,llm_llama-3.1-70b,0.7986555653373286,0.7986555653373286,0.7986555653373286,1,9
default_5shot,samples,10,raw,llm_qwen2.5-72b,0.7578854670250439,0.7578854670250439,0.7578854670250439,1,9
default_5shot,samples,10,raw,squad_token_f1,0.7643049057829759,0.7643049057829759,0.7643049057829759,1,9
default_5shot,samples,10,surface,llm_llama-3.1-70b,0.8249309213479905,0.8249309213479905,0.8249309213479905,1,9
default_5shot,samples,10,surface,llm_qwen2.5-72b,0.77325759943149,0.77325759943149,0.77325759943149,1,9
default_5shot,samples,10,surface,squad_token_f1,0.8141622154197691,0.8141622154197691,0.8141622154197691,1,9
