condition,backend,grader,omitted_factor,omitted,full_delta,retained_delta,change
chat_0shot,Qwen_Qwen2.5-72B-Instruct,squad_token_f1,dataset,nqopen,-0.06577787676734022,-0.0678631227812548,-0.0020852460139145768
chat_0shot,Qwen_Qwen2.5-72B-Instruct,squad_token_f1,dataset,svamp,-0.06577787676734022,-0.11209000078141668,-0.04631212401407646
chat_0shot,Qwen_Qwen2.5-72B-Instruct,squad_token_f1,dataset,triviaqa,-0.06577787676734022,-0.01738050673934925,0.048397370027990966
chat_0shot,Qwen_Qwen2.5-72B-Instruct,squad_token_f1,generator,meta-llama_Llama-3.1-70B-Instruct,-0.06577787676734022,-0.06777706121272527,-0.0019991844453850494
chat_0shot,Qwen_Qwen2.5-72B-Instruct,squad_token_f1,generator,meta-llama_Llama-3.1-8B-Instruct,-0.06577787676734022,-0.035012613015680566,0.030765263751659652
chat_0shot,Qwen_Qwen2.5-72B-Instruct,squad_token_f1,generator,mistralai_Mistral-7B-Instruct-v0.3,-0.06577787676734022,-0.09454395607361488,-0.02876607930627466
chat_0shot,Qwen_Qwen2.5-72B-Instruct,llm_qwen2.5-72b,dataset,nqopen,0.0867462283463491,0.08248726227737677,-0.004258966068972331
chat_0shot,Qwen_Qwen2.5-72B-Instruct,llm_qwen2.5-72b,dataset,svamp,0.0867462283463491,0.0962062472088616,0.009460018862512506
chat_0shot,Qwen_Qwen2.5-72B-Instruct,llm_qwen2.5-72b,dataset,triviaqa,0.0867462283463491,0.0815451755528089,-0.0052010527935402034
chat_0shot,Qwen_Qwen2.5-72B-Instruct,llm_qwen2.5-72b,generator,meta-llama_Llama-3.1-70B-Instruct,0.0867462283463491,0.09458421958611751,0.007837991239768416
chat_0shot,Qwen_Qwen2.5-72B-Instruct,llm_qwen2.5-72b,generator,meta-llama_Llama-3.1-8B-Instruct,0.0867462283463491,0.0697820137342698,-0.016964214612079295
chat_0shot,Qwen_Qwen2.5-72B-Instruct,llm_qwen2.5-72b,generator,mistralai_Mistral-7B-Instruct-v0.3,0.0867462283463491,0.09587245171865998,0.00912622337231088
chat_0shot,Qwen_Qwen2.5-72B-Instruct,llm_llama-3.1-70b,dataset,nqopen,0.0872480940338064,0.08497938450942676,-0.0022687095243796446
chat_0shot,Qwen_Qwen2.5-72B-Instruct,llm_llama-3.1-70b,dataset,svamp,0.0872480940338064,0.10391693288655729,0.01666883885275089
chat_0shot,Qwen_Qwen2.5-72B-Instruct,llm_llama-3.1-70b,dataset,triviaqa,0.0872480940338064,0.07284796470543514,-0.014400129328371258
chat_0shot,Qwen_Qwen2.5-72B-Instruct,llm_llama-3.1-70b,generator,meta-llama_Llama-3.1-70B-Instruct,0.0872480940338064,0.09964024330699252,0.012392149273186118
chat_0shot,Qwen_Qwen2.5-72B-Instruct,llm_llama-3.1-70b,generator,meta-llama_Llama-3.1-8B-Instruct,0.0872480940338064,0.06483712490898792,-0.022410969124818478
chat_0shot,Qwen_Qwen2.5-72B-Instruct,llm_llama-3.1-70b,generator,mistralai_Mistral-7B-Instruct-v0.3,0.0872480940338064,0.09726691388543873,0.010018819851632332
chat_0shot,cross-encoder_nli-deberta-v3-large,squad_token_f1,dataset,nqopen,-0.05865813342720446,-0.0718790662497943,-0.013220932822589841
chat_0shot,cross-encoder_nli-deberta-v3-large,squad_token_f1,dataset,svamp,-0.05865813342720446,-0.05773617269624481,0.0009219607309596534
chat_0shot,cross-encoder_nli-deberta-v3-large,squad_token_f1,dataset,triviaqa,-0.05865813342720446,-0.046359161335574266,0.012298972091630195
chat_0shot,cross-encoder_nli-deberta-v3-large,squad_token_f1,generator,meta-llama_Llama-3.1-70B-Instruct,-0.05865813342720446,-0.06236561745142533,-0.0037074840242208723
chat_0shot,cross-encoder_nli-deberta-v3-large,squad_token_f1,generator,meta-llama_Llama-3.1-8B-Instruct,-0.05865813342720446,-0.04055419261925838,0.018103940807946084
chat_0shot,cross-encoder_nli-deberta-v3-large,squad_token_f1,generator,mistralai_Mistral-7B-Instruct-v0.3,-0.05865813342720446,-0.07305459021092965,-0.01439645678372519
chat_0shot,cross-encoder_nli-deberta-v3-large,llm_qwen2.5-72b,dataset,nqopen,0.014735096492955815,0.0030217548997174166,-0.011713341593238398
chat_0shot,cross-encoder_nli-deberta-v3-large,llm_qwen2.5-72b,dataset,svamp,0.014735096492955815,0.04296774545022681,0.028232648957270994
chat_0shot,cross-encoder_nli-deberta-v3-large,llm_qwen2.5-72b,dataset,triviaqa,0.014735096492955815,-0.0017842108710767809,-0.016519307364032596
chat_0shot,cross-encoder_nli-deberta-v3-large,llm_qwen2.5-72b,generator,meta-llama_Llama-3.1-70B-Instruct,0.014735096492955815,0.00902959078210266,-0.0057055057108531555
chat_0shot,cross-encoder_nli-deberta-v3-large,llm_qwen2.5-72b,generator,meta-llama_Llama-3.1-8B-Instruct,0.014735096492955815,0.022790834967594337,0.008055738474638523
chat_0shot,cross-encoder_nli-deberta-v3-large,llm_qwen2.5-72b,generator,mistralai_Mistral-7B-Instruct-v0.3,0.014735096492955815,0.012384863729170444,-0.0023502327637853707
chat_0shot,cross-encoder_nli-deberta-v3-large,llm_llama-3.1-70b,dataset,nqopen,0.013869757432855435,0.002996552895550926,-0.010873204537304509
chat_0shot,cross-encoder_nli-deberta-v3-large,llm_llama-3.1-70b,dataset,svamp,0.013869757432855435,0.050470953725399885,0.03660119629254445
chat_0shot,cross-encoder_nli-deberta-v3-large,llm_llama-3.1-70b,dataset,triviaqa,0.013869757432855435,-0.011858234322384512,-0.025727991755239946
chat_0shot,cross-encoder_nli-deberta-v3-large,llm_llama-3.1-70b,generator,meta-llama_Llama-3.1-70B-Instruct,0.013869757432855435,0.009557709595043287,-0.004312047837812149
chat_0shot,cross-encoder_nli-deberta-v3-large,llm_llama-3.1-70b,generator,meta-llama_Llama-3.1-8B-Instruct,0.013869757432855435,0.02279013169247357,0.008920374259618134
chat_0shot,cross-encoder_nli-deberta-v3-large,llm_llama-3.1-70b,generator,mistralai_Mistral-7B-Instruct-v0.3,0.013869757432855435,0.009261431011049438,-0.0046083264218059975
chat_0shot,microsoft_deberta-v2-xlarge-mnli,squad_token_f1,dataset,nqopen,-0.05056039415273163,-0.0690470621861988,-0.01848666803346717
chat_0shot,microsoft_deberta-v2-xlarge-mnli,squad_token_f1,dataset,svamp,-0.05056039415273163,-0.04839070145474187,0.002169692697989757
chat_0shot,microsoft_deberta-v2-xlarge-mnli,squad_token_f1,dataset,triviaqa,-0.05056039415273163,-0.03424341881725421,0.016316975335477414
chat_0shot,microsoft_deberta-v2-xlarge-mnli,squad_token_f1,generator,meta-llama_Llama-3.1-70B-Instruct,-0.05056039415273163,-0.05339307877477636,-0.00283268462204473
chat_0shot,microsoft_deberta-v2-xlarge-mnli,squad_token_f1,generator,meta-llama_Llama-3.1-8B-Instruct,-0.05056039415273163,-0.03718770016550181,0.013372693987229817
chat_0shot,microsoft_deberta-v2-xlarge-mnli,squad_token_f1,generator,mistralai_Mistral-7B-Instruct-v0.3,-0.05056039415273163,-0.06110040351791673,-0.0105400093651851
chat_0shot,microsoft_deberta-v2-xlarge-mnli,llm_qwen2.5-72b,dataset,nqopen,0.020356011777570338,0.009230671102660978,-0.01112534067490936
chat_0shot,microsoft_deberta-v2-xlarge-mnli,llm_qwen2.5-72b,dataset,svamp,0.020356011777570338,0.05349784813725673,0.033141836359686386
chat_0shot,microsoft_deberta-v2-xlarge-mnli,llm_qwen2.5-72b,dataset,triviaqa,0.020356011777570338,-0.0016604839072066966,-0.022016495684777034
chat_0shot,microsoft_deberta-v2-xlarge-mnli,llm_qwen2.5-72b,generator,meta-llama_Llama-3.1-70B-Instruct,0.020356011777570338,0.01412752488921363,-0.006228486888356708
chat_0shot,microsoft_deberta-v2-xlarge-mnli,llm_qwen2.5-72b,generator,meta-llama_Llama-3.1-8B-Instruct,0.020356011777570338,0.02749742730806729,0.00714141553049695
chat_0shot,microsoft_deberta-v2-xlarge-mnli,llm_qwen2.5-72b,generator,mistralai_Mistral-7B-Instruct-v0.3,0.020356011777570338,0.019443083135430094,-0.0009129286421402441
chat_0shot,microsoft_deberta-v2-xlarge-mnli,llm_llama-3.1-70b,dataset,nqopen,0.022320579669138203,0.014296119167028191,-0.008024460502110012
chat_0shot,microsoft_deberta-v2-xlarge-mnli,llm_llama-3.1-70b,dataset,svamp,0.022320579669138203,0.060911008148499764,0.03859042847936156
chat_0shot,microsoft_deberta-v2-xlarge-mnli,llm_llama-3.1-70b,dataset,triviaqa,0.022320579669138203,-0.00824538830811334,-0.030565967977251543
chat_0shot,microsoft_deberta-v2-xlarge-mnli,llm_llama-3.1-70b,generator,meta-llama_Llama-3.1-70B-Instruct,0.022320579669138203,0.019010859593149087,-0.0033097200759891164
chat_0shot,microsoft_deberta-v2-xlarge-mnli,llm_llama-3.1-70b,generator,meta-llama_Llama-3.1-8B-Instruct,0.022320579669138203,0.02728998706246441,0.004969407393326207
chat_0shot,microsoft_deberta-v2-xlarge-mnli,llm_llama-3.1-70b,generator,mistralai_Mistral-7B-Instruct-v0.3,0.022320579669138203,0.020660892351801123,-0.0016596873173370802
chat_5shot,microsoft_deberta-v2-xlarge-mnli,squad_token_f1,dataset,nqopen,-0.017437967224553392,-0.02238155949309908,-0.004943592268545689
chat_5shot,microsoft_deberta-v2-xlarge-mnli,squad_token_f1,dataset,svamp,-0.017437967224553392,-0.015011805138815134,0.0024261620857382576
chat_5shot,microsoft_deberta-v2-xlarge-mnli,squad_token_f1,dataset,triviaqa,-0.017437967224553392,-0.01492053704174597,0.0025174301828074213
chat_5shot,microsoft_deberta-v2-xlarge-mnli,squad_token_f1,generator,meta-llama_Llama-3.1-70B-Instruct,-0.017437967224553392,-0.011996762438101298,0.005441204786452094
chat_5shot,microsoft_deberta-v2-xlarge-mnli,squad_token_f1,generator,meta-llama_Llama-3.1-8B-Instruct,-0.017437967224553392,-0.01669517767791265,0.0007427895466407403
chat_5shot,microsoft_deberta-v2-xlarge-mnli,squad_token_f1,generator,mistralai_Mistral-7B-Instruct-v0.3,-0.017437967224553392,-0.023621961557646235,-0.006183994333092843
chat_5shot,microsoft_deberta-v2-xlarge-mnli,llm_qwen2.5-72b,dataset,nqopen,-0.002007443038099316,-0.008167933851133359,-0.006160490813034042
chat_5shot,microsoft_deberta-v2-xlarge-mnli,llm_qwen2.5-72b,dataset,svamp,-0.002007443038099316,0.008365368443610988,0.010372811481710304
chat_5shot,microsoft_deberta-v2-xlarge-mnli,llm_qwen2.5-72b,dataset,triviaqa,-0.002007443038099316,-0.006219763706775579,-0.004212320668676262
chat_5shot,microsoft_deberta-v2-xlarge-mnli,llm_qwen2.5-72b,generator,meta-llama_Llama-3.1-70B-Instruct,-0.002007443038099316,-0.0011279845741455476,0.0008794584639537685
chat_5shot,microsoft_deberta-v2-xlarge-mnli,llm_qwen2.5-72b,generator,meta-llama_Llama-3.1-8B-Instruct,-0.002007443038099316,-0.0021183012287970637,-0.00011085819069774766
chat_5shot,microsoft_deberta-v2-xlarge-mnli,llm_qwen2.5-72b,generator,mistralai_Mistral-7B-Instruct-v0.3,-0.002007443038099316,-0.002776043311355336,-0.0007686002732560197
chat_5shot,microsoft_deberta-v2-xlarge-mnli,llm_llama-3.1-70b,dataset,nqopen,-0.0004747567131221701,-0.006715044281472065,-0.006240287568349895
chat_5shot,microsoft_deberta-v2-xlarge-mnli,llm_llama-3.1-70b,dataset,svamp,-0.0004747567131221701,0.009527919082936548,0.010002675796058718
chat_5shot,microsoft_deberta-v2-xlarge-mnli,llm_llama-3.1-70b,dataset,triviaqa,-0.0004747567131221701,-0.004237144940830995,-0.0037623882277088246
chat_5shot,microsoft_deberta-v2-xlarge-mnli,llm_llama-3.1-70b,generator,meta-llama_Llama-3.1-70B-Instruct,-0.0004747567131221701,0.0008382394009446853,0.0013129961140668554
chat_5shot,microsoft_deberta-v2-xlarge-mnli,llm_llama-3.1-70b,generator,meta-llama_Llama-3.1-8B-Instruct,-0.0004747567131221701,-8.598745716568498e-05,0.00038876925595648514
chat_5shot,microsoft_deberta-v2-xlarge-mnli,llm_llama-3.1-70b,generator,mistralai_Mistral-7B-Instruct-v0.3,-0.0004747567131221701,-0.0021765220831455106,-0.0017017653700233406
default_0shot,microsoft_deberta-v2-xlarge-mnli,squad_token_f1,dataset,nqopen,-0.02629576568395336,-0.03053195124476098,-0.004236185560807619
default_0shot,microsoft_deberta-v2-xlarge-mnli,squad_token_f1,dataset,svamp,-0.02629576568395336,-0.018052186510013748,0.008243579173939614
default_0shot,microsoft_deberta-v2-xlarge-mnli,squad_token_f1,dataset,triviaqa,-0.02629576568395336,-0.030303159297085366,-0.004007393613132005
default_0shot,microsoft_deberta-v2-xlarge-mnli,squad_token_f1,generator,meta-llama_Llama-3.1-70B-Instruct,-0.02629576568395336,-0.024901840803259693,0.0013939248806936685
default_0shot,microsoft_deberta-v2-xlarge-mnli,squad_token_f1,generator,meta-llama_Llama-3.1-8B-Instruct,-0.02629576568395336,-0.018111216550041758,0.008184549133911603
default_0shot,microsoft_deberta-v2-xlarge-mnli,squad_token_f1,generator,mistralai_Mistral-7B-Instruct-v0.3,-0.02629576568395336,-0.03587423969855865,-0.00957847401460529
default_0shot,microsoft_deberta-v2-xlarge-mnli,llm_qwen2.5-72b,dataset,nqopen,0.0032073743857140855,-0.008657040657820431,-0.011864415043534516
default_0shot,microsoft_deberta-v2-xlarge-mnli,llm_qwen2.5-72b,dataset,svamp,0.0032073743857140855,0.023338205881939602,0.020130831496225517
default_0shot,microsoft_deberta-v2-xlarge-mnli,llm_qwen2.5-72b,dataset,triviaqa,0.0032073743857140855,-0.005059042066976914,-0.008266416452691
default_0shot,microsoft_deberta-v2-xlarge-mnli,llm_qwen2.5-72b,generator,meta-llama_Llama-3.1-70B-Instruct,0.0032073743857140855,0.003990428304505058,0.0007830539187909727
default_0shot,microsoft_deberta-v2-xlarge-mnli,llm_qwen2.5-72b,generator,meta-llama_Llama-3.1-8B-Instruct,0.0032073743857140855,0.015223456551917003,0.012016082166202917
default_0shot,microsoft_deberta-v2-xlarge-mnli,llm_qwen2.5-72b,generator,mistralai_Mistral-7B-Instruct-v0.3,0.0032073743857140855,-0.009591761699279808,-0.012799136084993893
default_0shot,microsoft_deberta-v2-xlarge-mnli,llm_llama-3.1-70b,dataset,nqopen,0.00835406066792972,-0.0015750108627016098,-0.00992907153063133
default_0shot,microsoft_deberta-v2-xlarge-mnli,llm_llama-3.1-70b,dataset,svamp,0.00835406066792972,0.030998398477382134,0.022644337809452415
default_0shot,microsoft_deberta-v2-xlarge-mnli,llm_llama-3.1-70b,dataset,triviaqa,0.00835406066792972,-0.00436120561089136,-0.01271526627882108
default_0shot,microsoft_deberta-v2-xlarge-mnli,llm_llama-3.1-70b,generator,meta-llama_Llama-3.1-70B-Instruct,0.00835406066792972,0.007821211537748863,-0.0005328491301808576
default_0shot,microsoft_deberta-v2-xlarge-mnli,llm_llama-3.1-70b,generator,meta-llama_Llama-3.1-8B-Instruct,0.00835406066792972,0.019949033725848175,0.011594973057918454
default_0shot,microsoft_deberta-v2-xlarge-mnli,llm_llama-3.1-70b,generator,mistralai_Mistral-7B-Instruct-v0.3,0.00835406066792972,-0.0027080632598078746,-0.011062123927737595
default_5shot,Qwen_Qwen2.5-72B-Instruct,squad_token_f1,dataset,nqopen,-0.006374565444488157,-0.009669673699199082,-0.0032951082547109257
default_5shot,Qwen_Qwen2.5-72B-Instruct,squad_token_f1,dataset,svamp,-0.006374565444488157,-0.007505531206204835,-0.0011309657617166778
default_5shot,Qwen_Qwen2.5-72B-Instruct,squad_token_f1,dataset,triviaqa,-0.006374565444488157,-0.001948491428060553,0.0044260740164276035
default_5shot,Qwen_Qwen2.5-72B-Instruct,squad_token_f1,generator,meta-llama_Llama-3.1-70B-Instruct,-0.006374565444488157,9.814469190746096e-05,0.0064727101363956175
default_5shot,Qwen_Qwen2.5-72B-Instruct,squad_token_f1,generator,meta-llama_Llama-3.1-8B-Instruct,-0.006374565444488157,-0.006092751455669041,0.0002818139888191157
default_5shot,Qwen_Qwen2.5-72B-Instruct,squad_token_f1,generator,mistralai_Mistral-7B-Instruct-v0.3,-0.006374565444488157,-0.01312908956970289,-0.006754524125214734
default_5shot,Qwen_Qwen2.5-72B-Instruct,llm_qwen2.5-72b,dataset,nqopen,0.011911486217103686,0.006286808165302323,-0.005624678051801364
default_5shot,Qwen_Qwen2.5-72B-Instruct,llm_qwen2.5-72b,dataset,svamp,0.011911486217103686,0.018856185685088258,0.006944699467984572
default_5shot,Qwen_Qwen2.5-72B-Instruct,llm_qwen2.5-72b,dataset,triviaqa,0.011911486217103686,0.010591464800920478,-0.0013200214161832088
default_5shot,Qwen_Qwen2.5-72B-Instruct,llm_qwen2.5-72b,generator,meta-llama_Llama-3.1-70B-Instruct,0.011911486217103686,0.014293303992945483,0.0023818177758417967
default_5shot,Qwen_Qwen2.5-72B-Instruct,llm_qwen2.5-72b,generator,meta-llama_Llama-3.1-8B-Instruct,0.011911486217103686,0.013214809067917105,0.0013033228508134188
default_5shot,Qwen_Qwen2.5-72B-Instruct,llm_qwen2.5-72b,generator,mistralai_Mistral-7B-Instruct-v0.3,0.011911486217103686,0.008226345590448474,-0.003685140626655212
default_5shot,Qwen_Qwen2.5-72B-Instruct,llm_llama-3.1-70b,dataset,nqopen,0.013873183520115823,0.006810520365393029,-0.007062663154722794
default_5shot,Qwen_Qwen2.5-72B-Instruct,llm_llama-3.1-70b,dataset,svamp,0.013873183520115823,0.022495550288225325,0.008622366768109502
default_5shot,Qwen_Qwen2.5-72B-Instruct,llm_llama-3.1-70b,dataset,triviaqa,0.013873183520115823,0.012313479906729116,-0.0015597036133867068
default_5shot,Qwen_Qwen2.5-72B-Instruct,llm_llama-3.1-70b,generator,meta-llama_Llama-3.1-70B-Instruct,0.013873183520115823,0.018063989979963852,0.0041908064598480295
default_5shot,Qwen_Qwen2.5-72B-Instruct,llm_llama-3.1-70b,generator,meta-llama_Llama-3.1-8B-Instruct,0.013873183520115823,0.014206216974148441,0.00033303345403261873
default_5shot,Qwen_Qwen2.5-72B-Instruct,llm_llama-3.1-70b,generator,mistralai_Mistral-7B-Instruct-v0.3,0.013873183520115823,0.009349343606235176,-0.0045238399138806465
default_5shot,cross-encoder_nli-deberta-v3-large,squad_token_f1,dataset,nqopen,-0.013036626256608976,-0.01722247306529066,-0.004185846808681684
default_5shot,cross-encoder_nli-deberta-v3-large,squad_token_f1,dataset,svamp,-0.013036626256608976,-0.012326188894224946,0.0007104373623840303
default_5shot,cross-encoder_nli-deberta-v3-large,squad_token_f1,dataset,triviaqa,-0.013036626256608976,-0.009561216810311326,0.0034754094462976504
default_5shot,cross-encoder_nli-deberta-v3-large,squad_token_f1,generator,meta-llama_Llama-3.1-70B-Instruct,-0.013036626256608976,-0.006437920113025606,0.00659870614358337
default_5shot,cross-encoder_nli-deberta-v3-large,squad_token_f1,generator,meta-llama_Llama-3.1-8B-Instruct,-0.013036626256608976,-0.015172650493283557,-0.0021360242366745812
default_5shot,cross-encoder_nli-deberta-v3-large,squad_token_f1,generator,mistralai_Mistral-7B-Instruct-v0.3,-0.013036626256608976,-0.017499308163517763,-0.004462681906908787
default_5shot,cross-encoder_nli-deberta-v3-large,llm_qwen2.5-72b,dataset,nqopen,0.0013689465560304938,-0.0025552961733524408,-0.003924242729382935
default_5shot,cross-encoder_nli-deberta-v3-large,llm_qwen2.5-72b,dataset,svamp,0.0013689465560304938,0.008037488123271484,0.00666854156724099
default_5shot,cross-encoder_nli-deberta-v3-large,llm_qwen2.5-72b,dataset,triviaqa,0.0013689465560304938,-0.0013753522818275637,-0.0027442988378580573
default_5shot,cross-encoder_nli-deberta-v3-large,llm_qwen2.5-72b,generator,meta-llama_Llama-3.1-70B-Instruct,0.0013689465560304938,0.0025991607361294552,0.0012302141800989614
default_5shot,cross-encoder_nli-deberta-v3-large,llm_qwen2.5-72b,generator,meta-llama_Llama-3.1-8B-Instruct,0.0013689465560304938,-7.100534231736007e-05,-0.0014399518983478539
default_5shot,cross-encoder_nli-deberta-v3-large,llm_qwen2.5-72b,generator,mistralai_Mistral-7B-Instruct-v0.3,0.0013689465560304938,0.0015786842742793862,0.00020973771824889242
default_5shot,cross-encoder_nli-deberta-v3-large,llm_llama-3.1-70b,dataset,nqopen,0.004742248348712463,-0.0023796694774478383,-0.007121917826160301
default_5shot,cross-encoder_nli-deberta-v3-large,llm_llama-3.1-70b,dataset,svamp,0.004742248348712463,0.012895722019005006,0.008153473670292543
default_5shot,cross-encoder_nli-deberta-v3-large,llm_llama-3.1-70b,dataset,triviaqa,0.004742248348712463,0.0037106925045802207,-0.001031555844132242
default_5shot,cross-encoder_nli-deberta-v3-large,llm_llama-3.1-70b,generator,meta-llama_Llama-3.1-70B-Instruct,0.004742248348712463,0.007196436403709144,0.002454188054996681
default_5shot,cross-encoder_nli-deberta-v3-large,llm_llama-3.1-70b,generator,meta-llama_Llama-3.1-8B-Instruct,0.004742248348712463,0.0028552285339205493,-0.0018870198147919134
default_5shot,cross-encoder_nli-deberta-v3-large,llm_llama-3.1-70b,generator,mistralai_Mistral-7B-Instruct-v0.3,0.004742248348712463,0.004175080108507694,-0.0005671682402047682
default_5shot,microsoft_deberta-v2-xlarge-mnli,squad_token_f1,dataset,nqopen,-0.013273050443085339,-0.016749946693086357,-0.0034768962500010183
default_5shot,microsoft_deberta-v2-xlarge-mnli,squad_token_f1,dataset,svamp,-0.013273050443085339,-0.012295619550502087,0.0009774308925832517
default_5shot,microsoft_deberta-v2-xlarge-mnli,squad_token_f1,dataset,triviaqa,-0.013273050443085339,-0.010773585085667572,0.0024994653574177666
default_5shot,microsoft_deberta-v2-xlarge-mnli,squad_token_f1,generator,meta-llama_Llama-3.1-70B-Instruct,-0.013273050443085339,-0.008268566278650715,0.005004484164434624
default_5shot,microsoft_deberta-v2-xlarge-mnli,squad_token_f1,generator,meta-llama_Llama-3.1-8B-Instruct,-0.013273050443085339,-0.012646795226770091,0.0006262552163152479
default_5shot,microsoft_deberta-v2-xlarge-mnli,squad_token_f1,generator,mistralai_Mistral-7B-Instruct-v0.3,-0.013273050443085339,-0.01890378982383521,-0.00563073938074987
default_5shot,microsoft_deberta-v2-xlarge-mnli,llm_qwen2.5-72b,dataset,nqopen,0.0005132747091662151,-0.002068699850437179,-0.002581974559603394
default_5shot,microsoft_deberta-v2-xlarge-mnli,llm_qwen2.5-72b,dataset,svamp,0.0005132747091662151,0.007553297561497634,0.007040022852331419
default_5shot,microsoft_deberta-v2-xlarge-mnli,llm_qwen2.5-72b,dataset,triviaqa,0.0005132747091662151,-0.003944773583561811,-0.004458048292728027
default_5shot,microsoft_deberta-v2-xlarge-mnli,llm_qwen2.5-72b,generator,meta-llama_Llama-3.1-70B-Instruct,0.0005132747091662151,0.0003651512140153132,-0.0001481234951509019
default_5shot,microsoft_deberta-v2-xlarge-mnli,llm_qwen2.5-72b,generator,meta-llama_Llama-3.1-8B-Instruct,0.0005132747091662151,0.001460572263561875,0.00094729755439566
default_5shot,microsoft_deberta-v2-xlarge-mnli,llm_qwen2.5-72b,generator,mistralai_Mistral-7B-Instruct-v0.3,0.0005132747091662151,-0.0002858993500785436,-0.0007991740592447588
default_5shot,microsoft_deberta-v2-xlarge-mnli,llm_llama-3.1-70b,dataset,nqopen,0.0026559312072149837,-0.001067322541514192,-0.003723253748729176
default_5shot,microsoft_deberta-v2-xlarge-mnli,llm_llama-3.1-70b,dataset,svamp,0.0026559312072149837,0.01070698183167009,0.008051050624455106
default_5shot,microsoft_deberta-v2-xlarge-mnli,llm_llama-3.1-70b,dataset,triviaqa,0.0026559312072149837,-0.001671865668510945,-0.0043277968757259285
default_5shot,microsoft_deberta-v2-xlarge-mnli,llm_llama-3.1-70b,generator,meta-llama_Llama-3.1-70B-Instruct,0.0026559312072149837,0.003035077362533408,0.00037914615531842426
default_5shot,microsoft_deberta-v2-xlarge-mnli,llm_llama-3.1-70b,generator,meta-llama_Llama-3.1-8B-Instruct,0.0026559312072149837,0.0032280337244761036,0.0005721025172611199
default_5shot,microsoft_deberta-v2-xlarge-mnli,llm_llama-3.1-70b,generator,mistralai_Mistral-7B-Instruct-v0.3,0.0026559312072149837,0.001704682534635441,-0.0009512486725795426
