condition,regime,split_role,dataset,model,seed,n_records,accuracy_qwen,accuracy_llama,agreement
chat_0shot,chat,eval,nqopen,meta-llama_Llama-3.1-70B-Instruct,42,400,0.5275,0.58,0.9425
chat_0shot,chat,eval,nqopen,meta-llama_Llama-3.1-70B-Instruct,43,400,0.5275,0.585,0.9425
chat_0shot,chat,eval,nqopen,meta-llama_Llama-3.1-70B-Instruct,44,400,0.525,0.5775,0.9375
chat_0shot,chat,eval,nqopen,meta-llama_Llama-3.1-8B-Instruct,42,400,0.435,0.4875,0.9325
chat_0shot,chat,eval,nqopen,meta-llama_Llama-3.1-8B-Instruct,43,400,0.435,0.4925,0.9075
chat_0shot,chat,eval,nqopen,meta-llama_Llama-3.1-8B-Instruct,44,400,0.4325,0.49,0.9175
chat_0shot,chat,eval,nqopen,mistralai_Mistral-7B-Instruct-v0.3,42,400,0.37,0.4225,0.9425
chat_0shot,chat,eval,nqopen,mistralai_Mistral-7B-Instruct-v0.3,43,400,0.3675,0.4125,0.95
chat_0shot,chat,eval,nqopen,mistralai_Mistral-7B-Instruct-v0.3,44,400,0.375,0.4175,0.9525
chat_0shot,chat,eval,svamp,meta-llama_Llama-3.1-70B-Instruct,42,300,0.806667,0.873333,0.933333
chat_0shot,chat,eval,svamp,meta-llama_Llama-3.1-70B-Instruct,43,300,0.806667,0.87,0.936667
chat_0shot,chat,eval,svamp,meta-llama_Llama-3.1-70B-Instruct,44,300,0.806667,0.863333,0.943333
chat_0shot,chat,eval,svamp,meta-llama_Llama-3.1-8B-Instruct,42,300,0.613333,0.706667,0.9
chat_0shot,chat,eval,svamp,meta-llama_Llama-3.1-8B-Instruct,43,300,0.596667,0.71,0.88
chat_0shot,chat,eval,svamp,meta-llama_Llama-3.1-8B-Instruct,44,300,0.616667,0.703333,0.886667
chat_0shot,chat,eval,svamp,mistralai_Mistral-7B-Instruct-v0.3,42,300,0.536667,0.576667,0.953333
chat_0shot,chat,eval,svamp,mistralai_Mistral-7B-Instruct-v0.3,43,300,0.543333,0.57,0.966667
chat_0shot,chat,eval,svamp,mistralai_Mistral-7B-Instruct-v0.3,44,300,0.54,0.57,0.963333
chat_0shot,chat,eval,triviaqa,meta-llama_Llama-3.1-70B-Instruct,42,400,0.865,0.905,0.955
chat_0shot,chat,eval,triviaqa,meta-llama_Llama-3.1-70B-Instruct,43,400,0.8675,0.9075,0.96
chat_0shot,chat,eval,triviaqa,meta-llama_Llama-3.1-70B-Instruct,44,400,0.8725,0.905,0.9575
chat_0shot,chat,eval,triviaqa,meta-llama_Llama-3.1-8B-Instruct,42,400,0.72,0.7925,0.9125
chat_0shot,chat,eval,triviaqa,meta-llama_Llama-3.1-8B-Instruct,43,400,0.715,0.7875,0.9175
chat_0shot,chat,eval,triviaqa,meta-llama_Llama-3.1-8B-Instruct,44,400,0.7225,0.7925,0.91
chat_0shot,chat,eval,triviaqa,mistralai_Mistral-7B-Instruct-v0.3,42,400,0.7275,0.7625,0.965
chat_0shot,chat,eval,triviaqa,mistralai_Mistral-7B-Instruct-v0.3,43,400,0.7225,0.755,0.9675
chat_0shot,chat,eval,triviaqa,mistralai_Mistral-7B-Instruct-v0.3,44,400,0.72,0.76,0.96
chat_5shot,chat,eval,nqopen,meta-llama_Llama-3.1-70B-Instruct,42,400,0.5175,0.6075,0.905
chat_5shot,chat,eval,nqopen,meta-llama_Llama-3.1-70B-Instruct,43,400,0.5175,0.6,0.9075
chat_5shot,chat,eval,nqopen,meta-llama_Llama-3.1-70B-Instruct,44,400,0.5225,0.5925,0.92
chat_5shot,chat,eval,nqopen,meta-llama_Llama-3.1-8B-Instruct,42,400,0.43,0.495,0.935
chat_5shot,chat,eval,nqopen,meta-llama_Llama-3.1-8B-Instruct,43,400,0.4275,0.485,0.9425
chat_5shot,chat,eval,nqopen,meta-llama_Llama-3.1-8B-Instruct,44,400,0.43,0.4925,0.9375
chat_5shot,chat,eval,nqopen,mistralai_Mistral-7B-Instruct-v0.3,42,400,0.3675,0.4375,0.93
chat_5shot,chat,eval,nqopen,mistralai_Mistral-7B-Instruct-v0.3,43,400,0.375,0.44,0.93
chat_5shot,chat,eval,nqopen,mistralai_Mistral-7B-Instruct-v0.3,44,400,0.37,0.435,0.935
chat_5shot,chat,eval,svamp,meta-llama_Llama-3.1-70B-Instruct,42,300,0.82,0.856667,0.956667
chat_5shot,chat,eval,svamp,meta-llama_Llama-3.1-70B-Instruct,43,300,0.816667,0.856667,0.953333
chat_5shot,chat,eval,svamp,meta-llama_Llama-3.1-70B-Instruct,44,300,0.813333,0.85,0.956667
chat_5shot,chat,eval,svamp,meta-llama_Llama-3.1-8B-Instruct,42,300,0.653333,0.67,0.983333
chat_5shot,chat,eval,svamp,meta-llama_Llama-3.1-8B-Instruct,43,300,0.67,0.683333,0.98
chat_5shot,chat,eval,svamp,meta-llama_Llama-3.1-8B-Instruct,44,300,0.666667,0.683333,0.983333
chat_5shot,chat,eval,svamp,mistralai_Mistral-7B-Instruct-v0.3,42,300,0.536667,0.543333,0.986667
chat_5shot,chat,eval,svamp,mistralai_Mistral-7B-Instruct-v0.3,43,300,0.53,0.533333,0.983333
chat_5shot,chat,eval,svamp,mistralai_Mistral-7B-Instruct-v0.3,44,300,0.543333,0.553333,0.983333
chat_5shot,chat,eval,triviaqa,meta-llama_Llama-3.1-70B-Instruct,42,400,0.8625,0.9075,0.955
chat_5shot,chat,eval,triviaqa,meta-llama_Llama-3.1-70B-Instruct,43,400,0.865,0.9125,0.9525
chat_5shot,chat,eval,triviaqa,meta-llama_Llama-3.1-70B-Instruct,44,400,0.86,0.905,0.955
chat_5shot,chat,eval,triviaqa,meta-llama_Llama-3.1-8B-Instruct,42,400,0.69,0.73,0.96
chat_5shot,chat,eval,triviaqa,meta-llama_Llama-3.1-8B-Instruct,43,400,0.7,0.7425,0.9575
chat_5shot,chat,eval,triviaqa,meta-llama_Llama-3.1-8B-Instruct,44,400,0.6925,0.7325,0.96
chat_5shot,chat,eval,triviaqa,mistralai_Mistral-7B-Instruct-v0.3,42,400,0.7,0.74,0.96
chat_5shot,chat,eval,triviaqa,mistralai_Mistral-7B-Instruct-v0.3,43,400,0.7075,0.74,0.9675
chat_5shot,chat,eval,triviaqa,mistralai_Mistral-7B-Instruct-v0.3,44,400,0.71,0.745,0.965
default_0shot,default,eval,nqopen,meta-llama_Llama-3.1-70B-Instruct,42,400,0.5275,0.585,0.9375
default_0shot,default,eval,nqopen,meta-llama_Llama-3.1-70B-Instruct,43,400,0.53,0.585,0.94
default_0shot,default,eval,nqopen,meta-llama_Llama-3.1-70B-Instruct,44,400,0.5275,0.58,0.9425
default_0shot,default,eval,nqopen,meta-llama_Llama-3.1-8B-Instruct,42,400,0.3825,0.45,0.9275
default_0shot,default,eval,nqopen,meta-llama_Llama-3.1-8B-Instruct,43,400,0.405,0.4525,0.9475
default_0shot,default,eval,nqopen,meta-llama_Llama-3.1-8B-Instruct,44,400,0.3825,0.4375,0.935
default_0shot,default,eval,nqopen,mistralai_Mistral-7B-Instruct-v0.3,42,400,0.37,0.4125,0.9525
default_0shot,default,eval,nqopen,mistralai_Mistral-7B-Instruct-v0.3,43,400,0.375,0.435,0.935
default_0shot,default,eval,nqopen,mistralai_Mistral-7B-Instruct-v0.3,44,400,0.3825,0.4275,0.95
default_0shot,default,eval,svamp,meta-llama_Llama-3.1-70B-Instruct,42,300,0.83,0.866667,0.963333
default_0shot,default,eval,svamp,meta-llama_Llama-3.1-70B-Instruct,43,300,0.84,0.87,0.963333
default_0shot,default,eval,svamp,meta-llama_Llama-3.1-70B-Instruct,44,300,0.836667,0.873333,0.963333
default_0shot,default,eval,svamp,meta-llama_Llama-3.1-8B-Instruct,42,300,0.703333,0.723333,0.98
default_0shot,default,eval,svamp,meta-llama_Llama-3.1-8B-Instruct,43,300,0.7,0.72,0.98
default_0shot,default,eval,svamp,meta-llama_Llama-3.1-8B-Instruct,44,300,0.69,0.71,0.98
default_0shot,default,eval,svamp,mistralai_Mistral-7B-Instruct-v0.3,42,300,0.566667,0.59,0.976667
default_0shot,default,eval,svamp,mistralai_Mistral-7B-Instruct-v0.3,43,300,0.573333,0.6,0.973333
default_0shot,default,eval,svamp,mistralai_Mistral-7B-Instruct-v0.3,44,300,0.58,0.6,0.98
default_0shot,default,eval,triviaqa,meta-llama_Llama-3.1-70B-Instruct,42,400,0.855,0.9025,0.9525
default_0shot,default,eval,triviaqa,meta-llama_Llama-3.1-70B-Instruct,43,400,0.8575,0.905,0.9525
default_0shot,default,eval,triviaqa,meta-llama_Llama-3.1-70B-Instruct,44,400,0.8575,0.9,0.9575
default_0shot,default,eval,triviaqa,meta-llama_Llama-3.1-8B-Instruct,42,400,0.755,0.8,0.95
default_0shot,default,eval,triviaqa,meta-llama_Llama-3.1-8B-Instruct,43,400,0.745,0.7875,0.9525
default_0shot,default,eval,triviaqa,meta-llama_Llama-3.1-8B-Instruct,44,400,0.7475,0.7925,0.95
default_0shot,default,eval,triviaqa,mistralai_Mistral-7B-Instruct-v0.3,42,400,0.725,0.7575,0.9675
default_0shot,default,eval,triviaqa,mistralai_Mistral-7B-Instruct-v0.3,43,400,0.725,0.7525,0.9725
default_0shot,default,eval,triviaqa,mistralai_Mistral-7B-Instruct-v0.3,44,400,0.7225,0.755,0.9675
default_5shot,default,eval,nqopen,meta-llama_Llama-3.1-70B-Instruct,42,400,0.5225,0.5975,0.91
default_5shot,default,eval,nqopen,meta-llama_Llama-3.1-70B-Instruct,43,400,0.5275,0.6075,0.91
default_5shot,default,eval,nqopen,meta-llama_Llama-3.1-70B-Instruct,44,400,0.5225,0.6025,0.915
default_5shot,default,eval,nqopen,meta-llama_Llama-3.1-8B-Instruct,42,400,0.4275,0.475,0.9525
default_5shot,default,eval,nqopen,meta-llama_Llama-3.1-8B-Instruct,43,400,0.4075,0.47,0.9375
default_5shot,default,eval,nqopen,meta-llama_Llama-3.1-8B-Instruct,44,400,0.4225,0.4825,0.94
default_5shot,default,eval,nqopen,mistralai_Mistral-7B-Instruct-v0.3,42,400,0.3625,0.4225,0.935
default_5shot,default,eval,nqopen,mistralai_Mistral-7B-Instruct-v0.3,43,400,0.375,0.4375,0.9375
default_5shot,default,eval,nqopen,mistralai_Mistral-7B-Instruct-v0.3,44,400,0.3675,0.4325,0.935
default_5shot,default,eval,svamp,meta-llama_Llama-3.1-70B-Instruct,42,300,0.806667,0.843333,0.956667
default_5shot,default,eval,svamp,meta-llama_Llama-3.1-70B-Instruct,43,300,0.813333,0.85,0.956667
default_5shot,default,eval,svamp,meta-llama_Llama-3.1-70B-Instruct,44,300,0.81,0.843333,0.96
default_5shot,default,eval,svamp,meta-llama_Llama-3.1-8B-Instruct,42,300,0.65,0.666667,0.983333
default_5shot,default,eval,svamp,meta-llama_Llama-3.1-8B-Instruct,43,300,0.65,0.666667,0.983333
default_5shot,default,eval,svamp,meta-llama_Llama-3.1-8B-Instruct,44,300,0.65,0.666667,0.983333
default_5shot,default,eval,svamp,mistralai_Mistral-7B-Instruct-v0.3,42,300,0.55,0.556667,0.986667
default_5shot,default,eval,svamp,mistralai_Mistral-7B-Instruct-v0.3,43,300,0.55,0.556667,0.986667
default_5shot,default,eval,svamp,mistralai_Mistral-7B-Instruct-v0.3,44,300,0.543333,0.553333,0.983333
default_5shot,default,eval,triviaqa,meta-llama_Llama-3.1-70B-Instruct,42,400,0.8625,0.9075,0.955
default_5shot,default,eval,triviaqa,meta-llama_Llama-3.1-70B-Instruct,43,400,0.86,0.905,0.955
default_5shot,default,eval,triviaqa,meta-llama_Llama-3.1-70B-Instruct,44,400,0.8575,0.905,0.9525
default_5shot,default,eval,triviaqa,meta-llama_Llama-3.1-8B-Instruct,42,400,0.695,0.735,0.96
default_5shot,default,eval,triviaqa,meta-llama_Llama-3.1-8B-Instruct,43,400,0.6925,0.7325,0.96
default_5shot,default,eval,triviaqa,meta-llama_Llama-3.1-8B-Instruct,44,400,0.695,0.735,0.96
default_5shot,default,eval,triviaqa,mistralai_Mistral-7B-Instruct-v0.3,42,400,0.705,0.7425,0.9625
default_5shot,default,eval,triviaqa,mistralai_Mistral-7B-Instruct-v0.3,43,400,0.7075,0.7475,0.96
default_5shot,default,eval,triviaqa,mistralai_Mistral-7B-Instruct-v0.3,44,400,0.7075,0.7475,0.96
