condition,entailment_backend,grader,method,n_configurations,mean_seed_range,max_seed_range
chat_0shot,Qwen_Qwen2.5-72B-Instruct,llm_llama-3.1-70b,discrete_semantic_entropy,9,0.023099,0.047842
chat_0shot,Qwen_Qwen2.5-72B-Instruct,llm_llama-3.1-70b,naive_entropy,9,0.029018,0.077257
chat_0shot,Qwen_Qwen2.5-72B-Instruct,llm_llama-3.1-70b,naive_sample_entropy,9,0.027451,0.067627
chat_0shot,Qwen_Qwen2.5-72B-Instruct,llm_llama-3.1-70b,semantic_entropy_full,9,0.023993,0.04688
chat_0shot,Qwen_Qwen2.5-72B-Instruct,llm_llama-3.1-70b,surface_entropy,9,0.032321,0.094445
chat_0shot,Qwen_Qwen2.5-72B-Instruct,llm_qwen2.5-72b,discrete_semantic_entropy,9,0.017843,0.035337
chat_0shot,Qwen_Qwen2.5-72B-Instruct,llm_qwen2.5-72b,naive_entropy,9,0.025415,0.06417
chat_0shot,Qwen_Qwen2.5-72B-Instruct,llm_qwen2.5-72b,naive_sample_entropy,9,0.026423,0.039158
chat_0shot,Qwen_Qwen2.5-72B-Instruct,llm_qwen2.5-72b,semantic_entropy_full,9,0.019165,0.034187
chat_0shot,Qwen_Qwen2.5-72B-Instruct,llm_qwen2.5-72b,surface_entropy,9,0.029254,0.058163
chat_0shot,Qwen_Qwen2.5-72B-Instruct,squad_token_f1,discrete_semantic_entropy,9,0.03453,0.07908
chat_0shot,Qwen_Qwen2.5-72B-Instruct,squad_token_f1,naive_entropy,9,0.068089,0.39844
chat_0shot,Qwen_Qwen2.5-72B-Instruct,squad_token_f1,naive_sample_entropy,9,0.070038,0.24
chat_0shot,Qwen_Qwen2.5-72B-Instruct,squad_token_f1,semantic_entropy_full,9,0.031046,0.079215
chat_0shot,Qwen_Qwen2.5-72B-Instruct,squad_token_f1,surface_entropy,9,0.056566,0.211896
chat_0shot,cross-encoder_nli-deberta-v3-large,llm_llama-3.1-70b,accuracy_probe_uncertainty,9,0.032172,0.070453
chat_0shot,cross-encoder_nli-deberta-v3-large,llm_llama-3.1-70b,discrete_semantic_entropy,9,0.023634,0.050218
chat_0shot,cross-encoder_nli-deberta-v3-large,llm_llama-3.1-70b,naive_entropy,9,0.029018,0.077257
chat_0shot,cross-encoder_nli-deberta-v3-large,llm_llama-3.1-70b,naive_sample_entropy,9,0.027451,0.067627
chat_0shot,cross-encoder_nli-deberta-v3-large,llm_llama-3.1-70b,probe_uncertainty,9,0.039237,0.06788
chat_0shot,cross-encoder_nli-deberta-v3-large,llm_llama-3.1-70b,semantic_entropy_full,9,0.027232,0.049712
chat_0shot,cross-encoder_nli-deberta-v3-large,llm_llama-3.1-70b,surface_entropy,9,0.032321,0.094445
chat_0shot,cross-encoder_nli-deberta-v3-large,llm_qwen2.5-72b,accuracy_probe_uncertainty,9,0.033193,0.072483
chat_0shot,cross-encoder_nli-deberta-v3-large,llm_qwen2.5-72b,discrete_semantic_entropy,9,0.03429,0.054791
chat_0shot,cross-encoder_nli-deberta-v3-large,llm_qwen2.5-72b,naive_entropy,9,0.025415,0.06417
chat_0shot,cross-encoder_nli-deberta-v3-large,llm_qwen2.5-72b,naive_sample_entropy,9,0.026423,0.039158
chat_0shot,cross-encoder_nli-deberta-v3-large,llm_qwen2.5-72b,probe_uncertainty,9,0.045816,0.067939
chat_0shot,cross-encoder_nli-deberta-v3-large,llm_qwen2.5-72b,semantic_entropy_full,9,0.035421,0.060486
chat_0shot,cross-encoder_nli-deberta-v3-large,llm_qwen2.5-72b,surface_entropy,9,0.029254,0.058163
chat_0shot,cross-encoder_nli-deberta-v3-large,squad_token_f1,accuracy_probe_uncertainty,9,0.068948,0.304338
chat_0shot,cross-encoder_nli-deberta-v3-large,squad_token_f1,discrete_semantic_entropy,9,0.047265,0.16148
chat_0shot,cross-encoder_nli-deberta-v3-large,squad_token_f1,naive_entropy,9,0.068089,0.39844
chat_0shot,cross-encoder_nli-deberta-v3-large,squad_token_f1,naive_sample_entropy,9,0.070038,0.24
chat_0shot,cross-encoder_nli-deberta-v3-large,squad_token_f1,probe_uncertainty,9,0.070967,0.215294
chat_0shot,cross-encoder_nli-deberta-v3-large,squad_token_f1,semantic_entropy_full,9,0.045267,0.160246
chat_0shot,cross-encoder_nli-deberta-v3-large,squad_token_f1,surface_entropy,9,0.056566,0.211896
chat_0shot,microsoft_deberta-v2-xlarge-mnli,llm_llama-3.1-70b,discrete_semantic_entropy,9,0.024654,0.039594
chat_0shot,microsoft_deberta-v2-xlarge-mnli,llm_llama-3.1-70b,naive_entropy,9,0.029018,0.077257
chat_0shot,microsoft_deberta-v2-xlarge-mnli,llm_llama-3.1-70b,naive_sample_entropy,9,0.027451,0.067627
chat_0shot,microsoft_deberta-v2-xlarge-mnli,llm_llama-3.1-70b,ptrue_uncertainty,9,0.059373,0.13719
chat_0shot,microsoft_deberta-v2-xlarge-mnli,llm_llama-3.1-70b,semantic_entropy_full,9,0.028155,0.044815
chat_0shot,microsoft_deberta-v2-xlarge-mnli,llm_llama-3.1-70b,surface_entropy,9,0.032321,0.094445
chat_0shot,microsoft_deberta-v2-xlarge-mnli,llm_qwen2.5-72b,discrete_semantic_entropy,9,0.029231,0.042108
chat_0shot,microsoft_deberta-v2-xlarge-mnli,llm_qwen2.5-72b,naive_entropy,9,0.025415,0.06417
chat_0shot,microsoft_deberta-v2-xlarge-mnli,llm_qwen2.5-72b,naive_sample_entropy,9,0.026423,0.039158
chat_0shot,microsoft_deberta-v2-xlarge-mnli,llm_qwen2.5-72b,ptrue_uncertainty,9,0.058804,0.13497
chat_0shot,microsoft_deberta-v2-xlarge-mnli,llm_qwen2.5-72b,semantic_entropy_full,9,0.029276,0.051267
chat_0shot,microsoft_deberta-v2-xlarge-mnli,llm_qwen2.5-72b,surface_entropy,9,0.029254,0.058163
chat_0shot,microsoft_deberta-v2-xlarge-mnli,squad_token_f1,discrete_semantic_entropy,9,0.035842,0.094115
chat_0shot,microsoft_deberta-v2-xlarge-mnli,squad_token_f1,naive_entropy,9,0.068089,0.39844
chat_0shot,microsoft_deberta-v2-xlarge-mnli,squad_token_f1,naive_sample_entropy,9,0.070038,0.24
chat_0shot,microsoft_deberta-v2-xlarge-mnli,squad_token_f1,ptrue_uncertainty,9,0.093381,0.334222
chat_0shot,microsoft_deberta-v2-xlarge-mnli,squad_token_f1,semantic_entropy_full,9,0.033694,0.092037
chat_0shot,microsoft_deberta-v2-xlarge-mnli,squad_token_f1,surface_entropy,9,0.056566,0.211896
chat_5shot,microsoft_deberta-v2-xlarge-mnli,llm_llama-3.1-70b,discrete_semantic_entropy,9,0.024438,0.05291
chat_5shot,microsoft_deberta-v2-xlarge-mnli,llm_llama-3.1-70b,naive_entropy,9,0.013331,0.020279
chat_5shot,microsoft_deberta-v2-xlarge-mnli,llm_llama-3.1-70b,naive_sample_entropy,9,0.022308,0.038618
chat_5shot,microsoft_deberta-v2-xlarge-mnli,llm_llama-3.1-70b,semantic_entropy_full,9,0.023453,0.050264
chat_5shot,microsoft_deberta-v2-xlarge-mnli,llm_llama-3.1-70b,surface_entropy,9,0.023548,0.040818
chat_5shot,microsoft_deberta-v2-xlarge-mnli,llm_qwen2.5-72b,discrete_semantic_entropy,9,0.02405,0.052685
chat_5shot,microsoft_deberta-v2-xlarge-mnli,llm_qwen2.5-72b,naive_entropy,9,0.01546,0.020755
chat_5shot,microsoft_deberta-v2-xlarge-mnli,llm_qwen2.5-72b,naive_sample_entropy,9,0.026308,0.046767
chat_5shot,microsoft_deberta-v2-xlarge-mnli,llm_qwen2.5-72b,semantic_entropy_full,9,0.025508,0.050188
chat_5shot,microsoft_deberta-v2-xlarge-mnli,llm_qwen2.5-72b,surface_entropy,9,0.024387,0.047125
chat_5shot,microsoft_deberta-v2-xlarge-mnli,squad_token_f1,discrete_semantic_entropy,9,0.019053,0.053408
chat_5shot,microsoft_deberta-v2-xlarge-mnli,squad_token_f1,naive_entropy,9,0.014234,0.024508
chat_5shot,microsoft_deberta-v2-xlarge-mnli,squad_token_f1,naive_sample_entropy,9,0.020535,0.038496
chat_5shot,microsoft_deberta-v2-xlarge-mnli,squad_token_f1,semantic_entropy_full,9,0.0181,0.050338
chat_5shot,microsoft_deberta-v2-xlarge-mnli,squad_token_f1,surface_entropy,9,0.017872,0.041334
default_0shot,microsoft_deberta-v2-xlarge-mnli,llm_llama-3.1-70b,discrete_semantic_entropy,9,0.019158,0.045037
default_0shot,microsoft_deberta-v2-xlarge-mnli,llm_llama-3.1-70b,naive_entropy,9,0.02508,0.037952
default_0shot,microsoft_deberta-v2-xlarge-mnli,llm_llama-3.1-70b,naive_sample_entropy,9,0.031946,0.058313
default_0shot,microsoft_deberta-v2-xlarge-mnli,llm_llama-3.1-70b,semantic_entropy_full,9,0.020474,0.043752
default_0shot,microsoft_deberta-v2-xlarge-mnli,llm_llama-3.1-70b,surface_entropy,9,0.017148,0.037237
default_0shot,microsoft_deberta-v2-xlarge-mnli,llm_qwen2.5-72b,discrete_semantic_entropy,9,0.020038,0.038389
default_0shot,microsoft_deberta-v2-xlarge-mnli,llm_qwen2.5-72b,naive_entropy,9,0.025274,0.041518
default_0shot,microsoft_deberta-v2-xlarge-mnli,llm_qwen2.5-72b,naive_sample_entropy,9,0.033625,0.064202
default_0shot,microsoft_deberta-v2-xlarge-mnli,llm_qwen2.5-72b,semantic_entropy_full,9,0.020042,0.033967
default_0shot,microsoft_deberta-v2-xlarge-mnli,llm_qwen2.5-72b,surface_entropy,9,0.021669,0.036827
default_0shot,microsoft_deberta-v2-xlarge-mnli,squad_token_f1,discrete_semantic_entropy,9,0.025171,0.036835
default_0shot,microsoft_deberta-v2-xlarge-mnli,squad_token_f1,naive_entropy,9,0.022714,0.033759
default_0shot,microsoft_deberta-v2-xlarge-mnli,squad_token_f1,naive_sample_entropy,9,0.028938,0.061651
default_0shot,microsoft_deberta-v2-xlarge-mnli,squad_token_f1,semantic_entropy_full,9,0.024226,0.039734
default_0shot,microsoft_deberta-v2-xlarge-mnli,squad_token_f1,surface_entropy,9,0.019517,0.039276
default_5shot,Qwen_Qwen2.5-72B-Instruct,llm_llama-3.1-70b,discrete_semantic_entropy,9,0.01993,0.041058
default_5shot,Qwen_Qwen2.5-72B-Instruct,llm_llama-3.1-70b,naive_entropy,9,0.012451,0.0186
default_5shot,Qwen_Qwen2.5-72B-Instruct,llm_llama-3.1-70b,naive_sample_entropy,9,0.020583,0.035499
default_5shot,Qwen_Qwen2.5-72B-Instruct,llm_llama-3.1-70b,semantic_entropy_full,9,0.019506,0.034783
default_5shot,Qwen_Qwen2.5-72B-Instruct,llm_llama-3.1-70b,surface_entropy,9,0.016666,0.030533
default_5shot,Qwen_Qwen2.5-72B-Instruct,llm_qwen2.5-72b,discrete_semantic_entropy,9,0.021343,0.030775
default_5shot,Qwen_Qwen2.5-72B-Instruct,llm_qwen2.5-72b,naive_entropy,9,0.010456,0.019682
default_5shot,Qwen_Qwen2.5-72B-Instruct,llm_qwen2.5-72b,naive_sample_entropy,9,0.0197,0.041406
default_5shot,Qwen_Qwen2.5-72B-Instruct,llm_qwen2.5-72b,semantic_entropy_full,9,0.020075,0.026868
default_5shot,Qwen_Qwen2.5-72B-Instruct,llm_qwen2.5-72b,surface_entropy,9,0.018201,0.045876
default_5shot,Qwen_Qwen2.5-72B-Instruct,squad_token_f1,discrete_semantic_entropy,9,0.017716,0.032714
default_5shot,Qwen_Qwen2.5-72B-Instruct,squad_token_f1,naive_entropy,9,0.011878,0.018543
default_5shot,Qwen_Qwen2.5-72B-Instruct,squad_token_f1,naive_sample_entropy,9,0.01758,0.030624
default_5shot,Qwen_Qwen2.5-72B-Instruct,squad_token_f1,semantic_entropy_full,9,0.016744,0.027984
default_5shot,Qwen_Qwen2.5-72B-Instruct,squad_token_f1,surface_entropy,9,0.015327,0.03211
default_5shot,cross-encoder_nli-deberta-v3-large,llm_llama-3.1-70b,accuracy_probe_uncertainty,9,0.014129,0.030542
default_5shot,cross-encoder_nli-deberta-v3-large,llm_llama-3.1-70b,discrete_semantic_entropy,9,0.021225,0.037042
default_5shot,cross-encoder_nli-deberta-v3-large,llm_llama-3.1-70b,naive_entropy,9,0.012451,0.0186
default_5shot,cross-encoder_nli-deberta-v3-large,llm_llama-3.1-70b,naive_sample_entropy,9,0.020583,0.035499
default_5shot,cross-encoder_nli-deberta-v3-large,llm_llama-3.1-70b,probe_uncertainty,9,0.024295,0.046475
default_5shot,cross-encoder_nli-deberta-v3-large,llm_llama-3.1-70b,semantic_entropy_full,9,0.019178,0.040794
default_5shot,cross-encoder_nli-deberta-v3-large,llm_llama-3.1-70b,surface_entropy,9,0.016666,0.030533
default_5shot,cross-encoder_nli-deberta-v3-large,llm_qwen2.5-72b,accuracy_probe_uncertainty,9,0.009259,0.026272
default_5shot,cross-encoder_nli-deberta-v3-large,llm_qwen2.5-72b,discrete_semantic_entropy,9,0.02327,0.046294
default_5shot,cross-encoder_nli-deberta-v3-large,llm_qwen2.5-72b,naive_entropy,9,0.010456,0.019682
default_5shot,cross-encoder_nli-deberta-v3-large,llm_qwen2.5-72b,naive_sample_entropy,9,0.0197,0.041406
default_5shot,cross-encoder_nli-deberta-v3-large,llm_qwen2.5-72b,probe_uncertainty,9,0.024817,0.038048
default_5shot,cross-encoder_nli-deberta-v3-large,llm_qwen2.5-72b,semantic_entropy_full,9,0.021085,0.043536
default_5shot,cross-encoder_nli-deberta-v3-large,llm_qwen2.5-72b,surface_entropy,9,0.018201,0.045876
default_5shot,cross-encoder_nli-deberta-v3-large,squad_token_f1,accuracy_probe_uncertainty,9,0.008006,0.017524
default_5shot,cross-encoder_nli-deberta-v3-large,squad_token_f1,discrete_semantic_entropy,9,0.019491,0.037207
default_5shot,cross-encoder_nli-deberta-v3-large,squad_token_f1,naive_entropy,9,0.011878,0.018543
default_5shot,cross-encoder_nli-deberta-v3-large,squad_token_f1,naive_sample_entropy,9,0.01758,0.030624
default_5shot,cross-encoder_nli-deberta-v3-large,squad_token_f1,probe_uncertainty,9,0.021095,0.032462
default_5shot,cross-encoder_nli-deberta-v3-large,squad_token_f1,semantic_entropy_full,9,0.0166,0.026241
default_5shot,cross-encoder_nli-deberta-v3-large,squad_token_f1,surface_entropy,9,0.015327,0.03211
default_5shot,microsoft_deberta-v2-xlarge-mnli,llm_llama-3.1-70b,discrete_semantic_entropy,9,0.019813,0.03474
default_5shot,microsoft_deberta-v2-xlarge-mnli,llm_llama-3.1-70b,naive_entropy,9,0.012451,0.0186
default_5shot,microsoft_deberta-v2-xlarge-mnli,llm_llama-3.1-70b,naive_sample_entropy,9,0.020583,0.035499
default_5shot,microsoft_deberta-v2-xlarge-mnli,llm_llama-3.1-70b,ptrue_uncertainty,9,0.024439,0.056935
default_5shot,microsoft_deberta-v2-xlarge-mnli,llm_llama-3.1-70b,semantic_entropy_full,9,0.019722,0.033898
default_5shot,microsoft_deberta-v2-xlarge-mnli,llm_llama-3.1-70b,surface_entropy,9,0.016666,0.030533
default_5shot,microsoft_deberta-v2-xlarge-mnli,llm_qwen2.5-72b,discrete_semantic_entropy,9,0.023569,0.042022
default_5shot,microsoft_deberta-v2-xlarge-mnli,llm_qwen2.5-72b,naive_entropy,9,0.010456,0.019682
default_5shot,microsoft_deberta-v2-xlarge-mnli,llm_qwen2.5-72b,naive_sample_entropy,9,0.0197,0.041406
default_5shot,microsoft_deberta-v2-xlarge-mnli,llm_qwen2.5-72b,ptrue_uncertainty,9,0.01919,0.046653
default_5shot,microsoft_deberta-v2-xlarge-mnli,llm_qwen2.5-72b,semantic_entropy_full,9,0.021428,0.039603
default_5shot,microsoft_deberta-v2-xlarge-mnli,llm_qwen2.5-72b,surface_entropy,9,0.018201,0.045876
default_5shot,microsoft_deberta-v2-xlarge-mnli,squad_token_f1,discrete_semantic_entropy,9,0.018659,0.031968
default_5shot,microsoft_deberta-v2-xlarge-mnli,squad_token_f1,naive_entropy,9,0.011878,0.018543
default_5shot,microsoft_deberta-v2-xlarge-mnli,squad_token_f1,naive_sample_entropy,9,0.01758,0.030624
default_5shot,microsoft_deberta-v2-xlarge-mnli,squad_token_f1,ptrue_uncertainty,9,0.028419,0.054015
default_5shot,microsoft_deberta-v2-xlarge-mnli,squad_token_f1,semantic_entropy_full,9,0.016064,0.021526
default_5shot,microsoft_deberta-v2-xlarge-mnli,squad_token_f1,surface_entropy,9,0.015327,0.03211
