condition,entailment_backend,grader,n_units,n_cells,n_records,delta,units_lo,units_hi,units_p,records_lo,records_hi,records_p,hier_lo,hier_hi,hier_p
chat_0shot,Qwen_Qwen2.5-72B-Instruct,squad_token_f1,9,27,9702,-0.065778,-0.142306,-0.006738,0.023,-0.088012,-0.042383,0.0,-0.144053,-0.004462,0.025
chat_0shot,Qwen_Qwen2.5-72B-Instruct,llm_qwen2.5-72b,9,27,9702,0.086746,0.059922,0.117554,0.0,0.077403,0.095734,0.0,0.059906,0.118666,0.0
chat_0shot,Qwen_Qwen2.5-72B-Instruct,llm_llama-3.1-70b,9,27,9702,0.087248,0.056696,0.122494,0.0,0.077633,0.09683,0.0,0.055835,0.123749,0.0
chat_0shot,cross-encoder_nli-deberta-v3-large,squad_token_f1,9,27,9702,-0.058658,-0.084713,-0.034542,0.0,-0.076801,-0.041071,0.0,-0.091229,-0.029072,0.0
chat_0shot,cross-encoder_nli-deberta-v3-large,llm_qwen2.5-72b,9,27,9702,0.014735,-0.028178,0.049091,0.481,0.006097,0.02329,0.002,-0.027468,0.049815,0.442
chat_0shot,cross-encoder_nli-deberta-v3-large,llm_llama-3.1-70b,9,27,9702,0.01387,-0.038456,0.052763,0.514,0.005427,0.02239,0.001,-0.03943,0.055045,0.517
chat_0shot,microsoft_deberta-v2-xlarge-mnli,squad_token_f1,9,27,9702,-0.05056,-0.077039,-0.026436,0.0,-0.068822,-0.033374,0.0,-0.084186,-0.021887,0.001
chat_0shot,microsoft_deberta-v2-xlarge-mnli,llm_qwen2.5-72b,9,27,9702,0.020356,-0.0296,0.059583,0.374,0.011615,0.028758,0.0,-0.030256,0.059494,0.363
chat_0shot,microsoft_deberta-v2-xlarge-mnli,llm_llama-3.1-70b,9,27,9702,0.022321,-0.029089,0.066212,0.371,0.01342,0.030979,0.0,-0.032514,0.065987,0.365
default_5shot,Qwen_Qwen2.5-72B-Instruct,squad_token_f1,9,27,9702,-0.006375,-0.01662,0.002089,0.135,-0.011081,-0.001672,0.008,-0.01713,0.003726,0.222
default_5shot,Qwen_Qwen2.5-72B-Instruct,llm_llama-3.1-70b,9,27,9702,0.013873,0.00363,0.023699,0.001,0.009588,0.018334,0.0,0.00316,0.024448,0.01
default_5shot,Qwen_Qwen2.5-72B-Instruct,llm_qwen2.5-72b,9,27,9702,0.011911,0.00459,0.019893,0.002,0.007662,0.0159,0.0,0.003044,0.020888,0.002
default_5shot,cross-encoder_nli-deberta-v3-large,squad_token_f1,9,27,9702,-0.013037,-0.02109,-0.004681,0.003,-0.0181,-0.008467,0.0,-0.023099,-0.003569,0.005
default_5shot,cross-encoder_nli-deberta-v3-large,llm_llama-3.1-70b,9,27,9702,0.004742,-0.003745,0.013819,0.286,0.000407,0.009187,0.038,-0.00507,0.015091,0.376
default_5shot,cross-encoder_nli-deberta-v3-large,llm_qwen2.5-72b,9,27,9702,0.001369,-0.005858,0.008336,0.715,-0.002832,0.005522,0.518,-0.00738,0.00937,0.71
default_5shot,microsoft_deberta-v2-xlarge-mnli,squad_token_f1,9,27,9702,-0.013273,-0.020174,-0.006114,0.0,-0.018118,-0.008546,0.0,-0.021549,-0.004525,0.002
default_5shot,microsoft_deberta-v2-xlarge-mnli,llm_llama-3.1-70b,9,27,9702,0.002656,-0.005646,0.010329,0.507,-0.001334,0.006699,0.194,-0.006405,0.011623,0.562
default_5shot,microsoft_deberta-v2-xlarge-mnli,llm_qwen2.5-72b,9,27,9702,0.000513,-0.006746,0.007417,0.861,-0.003542,0.004728,0.803,-0.007493,0.008496,0.899
chat_5shot,microsoft_deberta-v2-xlarge-mnli,squad_token_f1,9,27,9702,-0.017438,-0.025359,-0.007642,0.001,-0.022455,-0.012382,0.0,-0.026959,-0.007267,0.001
chat_5shot,microsoft_deberta-v2-xlarge-mnli,llm_llama-3.1-70b,9,27,9702,-0.000475,-0.010602,0.00847,0.935,-0.004733,0.004036,0.84,-0.011335,0.010075,0.945
chat_5shot,microsoft_deberta-v2-xlarge-mnli,llm_qwen2.5-72b,9,27,9702,-0.002007,-0.012006,0.00714,0.706,-0.006743,0.00225,0.379,-0.013588,0.008006,0.711
default_0shot,microsoft_deberta-v2-xlarge-mnli,squad_token_f1,9,27,9702,-0.026296,-0.04276,-0.013117,0.0,-0.032825,-0.020013,0.0,-0.044672,-0.011988,0.0
default_0shot,microsoft_deberta-v2-xlarge-mnli,llm_llama-3.1-70b,9,27,9702,0.008354,-0.019734,0.032416,0.55,0.002003,0.014724,0.01,-0.021076,0.033009,0.504
default_0shot,microsoft_deberta-v2-xlarge-mnli,llm_qwen2.5-72b,9,27,9702,0.003207,-0.021793,0.02615,0.83,-0.003021,0.009774,0.311,-0.025545,0.027839,0.782
